item_rank,item,anchor,alpha_ij
1,淬锋钢,弯刀,1
1,淬锋钢,水草,1
1,淬锋钢,珊瑚,1
1,淬锋钢,马龙鱼,1
1,淬锋钢,龙涎香,1
1,淬锋钢,左轮手枪,0.98455820574864439
1,淬锋钢,独角鲸,0.98014626453397136
1,淬锋钢,弹簧刀,0.95585463525788916
1,淬锋钢,铲子,0.93051192586889941
1,淬锋钢,食人鱼,0.87419001315211275
1,淬锋钢,双管霰弹枪,0.86102385173779905
1,淬锋钢,木桶,0.8483250077810921
1,淬锋钢,星图,0.8436518332050239
1,淬锋钢,飞鱼,0.83807173028237503
1,淬锋钢,湿件战服,0.81842407891255808
1,淬锋钢,鱼饵,0.80632043724201008
1,淬锋钢,温馨海湾,0.80543339243291867
1,淬锋钢,武士刀,0.75898768400936067
1,淬锋钢,救生圈,0.73488296929881147
1,淬锋钢,珍珠,0.72204770347559821
1,淬锋钢,火药角,0.71998122806843146
1,淬锋钢,海螺壳,0.69450226755369449
1,淬锋钢,藏刃匕首,0.67372796358421982
1,淬锋钢,葡萄弹,0.56480263547316567
1,淬锋钢,沙滩充气球,0.5500822674945921
1,淬锋钢,手里剑,0.48893175954531137
1,淬锋钢,狼筅,0.46198293840130111
1,淬锋钢,钓鱼竿,0.43094638528231366
1,淬锋钢,水母,0.42051069098337451
1,淬锋钢,雪怪蟹,0.38648359436520868
1,淬锋钢,靴里剑,0.34101385922442323
1,淬锋钢,抓钩,0.32338060733025309
1,淬锋钢,刺刀,0.32204251200132911
1,淬锋钢,填弹杆,0.28251271652995319
1,淬锋钢,珊瑚护甲,0.27800278922342836
1,淬锋钢,宠物石,0.19512812735803958
1,淬锋钢,手斧,0.1834409689645537
1,淬锋钢,步枪,0.13875555120146721
1,淬锋钢,渔网,0.13254963683112195
1,淬锋钢,三花,0.12148917463290214
1,淬锋钢,火炮,0.11134636640531093
1,淬锋钢,手雷,0.10973006871032011
1,淬锋钢,绵鳚,0.10372882594445236
1,淬锋钢,毒须鲶,0.10037166263381173
1,淬锋钢,迷你弯刀,0.078712514381252346
1,淬锋钢,皮皮虾,0.077595016113062132
1,淬锋钢,鹦鹉皮特,0.06977833342153944
1,淬锋钢,舱底蠕虫,0.056914041669282253
1,淬锋钢,流星索,0.046325382754066946
1,淬锋钢,海底热泉,0.039707470932057384
1,淬锋钢,燃烧响炮,0.036010014124618843
1,淬锋钢,鲨齿爪,0.03375135029224878
1,淬锋钢,打火机,0.025268390593127427
1,淬锋钢,迷幻蝠鲼,0.023162691377033473
2,绵鳚,打火机,1
2,绵鳚,海底热泉,1
2,绵鳚,鹦鹉皮特,1
2,绵鳚,燃烧响炮,0.97861905411350758
2,绵鳚,迷幻蝠鲼,0.97683730862296647
2,绵鳚,毒须鲶,0.96911641149728855
2,绵鳚,流星索,0.91893058018038287
2,绵鳚,皮皮虾,0.88269751295488041
2,绵鳚,火炮,0.81208050092473127
2,绵鳚,渔网,0.77757402992458657
2,绵鳚,食人鱼,0.76929161300795035
2,绵鳚,雪怪蟹,0.61351640563479104
2,绵鳚,水母,0.57948930901662521
2,绵鳚,珊瑚护甲,0.57013310346612389
2,绵鳚,手里剑,0.54195182895739991
2,绵鳚,钓鱼竿,0.53216878344910712
2,绵鳚,沙滩充气球,0.50699722197024022
2,绵鳚,舱底蠕虫,0.47691387630148407
2,绵鳚,龙涎香,0.46199542158057516
2,绵鳚,淬锋钢,0.44138552185823493
2,绵鳚,马龙鱼,0.38877066683310907
2,绵鳚,珊瑚,0.34992208758875565
2,绵鳚,海螺壳,0.32866042382333871
2,绵鳚,抓钩,0.29368435006619636
2,绵鳚,水草,0.2864452833626473
2,绵鳚,救生圈,0.26511703070118842
2,绵鳚,飞鱼,0.25300785965682715
2,绵鳚,珍珠,0.22583624092607635
2,绵鳚,鱼饵,0.20315520923041261
2,绵鳚,湿件战服,0.19547353591366201
2,绵鳚,步枪,0.16213883963923431
2,绵鳚,狼筅,0.15994289617102209
2,绵鳚,火药角,0.1522501521667316
2,绵鳚,藏刃匕首,0.14824122481301424
2,绵鳚,填弹杆,0.14029973062660275
2,绵鳚,宠物石,0.12053712416026217
2,绵鳚,木桶,0.10148916090200193
2,绵鳚,独角鲸,0.069488074131100419
2,绵鳚,铲子,0.05612498295204265
2,绵鳚,双管霰弹枪,0.049413741604338077
2,绵鳚,温馨海湾,0.046325382754066946
2,绵鳚,左轮手枪,0.043968477315702144
2,绵鳚,弯刀,0.0308835885027113
2,绵鳚,葡萄弹,0.027795229652440172
2,绵鳚,星图,0.017372018532775105
2,绵鳚,三花,0.013897614826220086
2,绵鳚,刺刀,0
2,绵鳚,弹簧刀,0
2,绵鳚,手斧,0
2,绵鳚,手雷,0
2,绵鳚,武士刀,0
2,绵鳚,迷你弯刀,0
2,绵鳚,靴里剑,0
2,绵鳚,鲨齿爪,0
3,手斧,靴里剑,1
3,手斧,鲨齿爪,0.98610238517377991
3,手斧,迷你弯刀,0.97066059092242429
3,手斧,葡萄弹,0.93700052843070947
3,手斧,刺刀,0.92132116811394826
3,手斧,宠物石,0.89683489437251296
3,手斧,三花,0.82657024470344698
3,手斧,武士刀,0.81769121300891745
3,手斧,藏刃匕首,0.73625167378927248
3,手斧,抓钩,0.66122052001844345
3,手斧,弹簧刀,0.65486832738322664
3,手斧,舱底蠕虫,0.62831092166846791
3,手斧,淬锋钢,0.57728553893529577
3,手斧,左轮手枪,0.57352070519754261
3,手斧,弯刀,0.55856627074212917
3,手斧,狼筅,0.5455892244193552
3,手斧,双管霰弹枪,0.50378853745047802
3,手斧,火药角,0.43942240311588743
3,手斧,铲子,0.4226333592041403
3,手斧,手里剑,0.40045332746128398
3,手斧,独角鲸,0.39708228041954818
3,手斧,手雷,0.39033181526291649
3,手斧,飞鱼,0.28059251938765795
3,手斧,龙涎香,0.17636040819100735
3,手斧,步枪,0.16400697278992282
3,手斧,水草,0.15823775477573396
3,手斧,马龙鱼,0.15634816679497593
3,手斧,沙滩充气球,0.15441794251355648
3,手斧,食人鱼,0.1320363244397994
3,手斧,火炮,0.081977760657932205
3,手斧,珍珠,0.078091359499712854
3,手斧,填弹杆,0.071940594394551027
3,手斧,打火机,0.069488074131100419
3,手斧,星图,0.069488074131100419
3,手斧,救生圈,0.055590459304880345
3,手斧,燃烧响炮,0.055590459304880345
3,手斧,绵鳚,0.055590459304880345
3,手斧,鹦鹉皮特,0.055590459304880345
3,手斧,海底热泉,0.027795229652440172
3,手斧,海螺壳,0.025268390593127427
3,手斧,渔网,0.023162691377033473
3,手斧,水母,0.018530153101626781
3,手斧,流星索,0.016350135089670689
3,手斧,珊瑚,0.01544179425135565
3,手斧,钓鱼竿,0.01544179425135565
3,手斧,雪怪蟹,0.014629068238126404
3,手斧,木桶,0
3,手斧,毒须鲶,0
3,手斧,温馨海湾,0
3,手斧,湿件战服,0
3,手斧,珊瑚护甲,0
3,手斧,皮皮虾,0
3,手斧,迷幻蝠鲼,0
3,手斧,鱼饵,0
4,马龙鱼,水草,1
4,马龙鱼,淬锋钢,1
4,马龙鱼,珊瑚,0.98364986491032935
4,马龙鱼,龙涎香,0.98364986491032935
4,马龙鱼,木桶,0.8483250077810921
4,马龙鱼,食人鱼,0.83502400773276519
4,马龙鱼,飞鱼,0.82069971174959988
4,马龙鱼,珍珠,0.68431662249943515
4,马龙鱼,独角鲸,0.64668926713140984
4,马龙鱼,海螺壳,0.52326625519934722
4,马龙鱼,救生圈,0.52325622806022276
4,马龙鱼,湿件战服,0.44273830089243982
4,马龙鱼,星图,0.39158573539761299
4,马龙鱼,铲子,0.3844455275935722
4,马龙鱼,弹簧刀,0.38086839645562476
4,马龙鱼,鱼饵,0.37709370631950645
4,马龙鱼,藏刃匕首,0.36489207855710681
4,马龙鱼,雪怪蟹,0.34677612343315128
4,马龙鱼,水母,0.33176101033874095
4,马龙鱼,钓鱼竿,0.29648244962602843
4,马龙鱼,手里剑,0.24889620487171743
4,马龙鱼,左轮手枪,0.23367746372124532
4,马龙鱼,抓钩,0.16805432397838146
4,马龙鱼,狼筅,0.15109201759787991
4,马龙鱼,绵鳚,0.064021355012394976
4,马龙鱼,珊瑚护甲,0.062539266717990386
4,马龙鱼,舱底蠕虫,0.056914041669282253
4,马龙鱼,火药角,0.055149265183413038
4,马龙鱼,皮皮虾,0.046325382754066946
4,马龙鱼,三花,0.043968477315702144
4,马龙鱼,手斧,0.037225753998803797
4,马龙鱼,毒须鲶,0.0308835885027113
4,马龙鱼,弯刀,0.027795229652440172
4,马龙鱼,宠物石,0.025268390593127427
4,马龙鱼,武士刀,0.023162691377033473
4,马龙鱼,渔网,0.01544179425135565
4,马龙鱼,迷你弯刀,0.01544179425135565
4,马龙鱼,鲨齿爪,0.013897614826220086
4,马龙鱼,刺刀,0
4,马龙鱼,双管霰弹枪,0
4,马龙鱼,填弹杆,0
4,马龙鱼,手雷,0
4,马龙鱼,打火机,0
4,马龙鱼,步枪,0
4,马龙鱼,沙滩充气球,0
4,马龙鱼,流星索,0
4,马龙鱼,海底热泉,0
4,马龙鱼,温馨海湾,0
4,马龙鱼,火炮,0
4,马龙鱼,燃烧响炮,0
4,马龙鱼,葡萄弹,0
4,马龙鱼,迷幻蝠鲼,0
4,马龙鱼,靴里剑,0
4,马龙鱼,鹦鹉皮特,0
5,水草,水母,0.93578030273112689
5,水草,雪怪蟹,0.67460482245334097
5,水草,鱼饵,0.66414097503301439
5,水草,珊瑚护甲,0.64715500135652315
5,水草,温馨海湾,0.61612759062909039
5,水草,钓鱼竿,0.59451664977616681
5,水草,海螺壳,0.57633331772189667
5,水草,沙滩充气球,0.56560392185553643
5,水草,迷幻蝠鲼,0.54129760887417322
5,水草,毒须鲶,0.53613195944333847
5,水草,皮皮虾,0.52292287642897251
5,水草,珊瑚,0.51994033028367048
5,水草,马龙鱼,0.48751950422137119
5,水草,飞鱼,0.4723387725906516
5,水草,珍珠,0.46915234287514485
5,水草,食人鱼,0.42113430190506385
5,水草,独角鲸,0.40997963737349252
5,水草,木桶,0.39488325167775928
5,水草,救生圈,0.37946046815623652
5,水草,湿件战服,0.33760217588202607
5,水草,绵鳚,0.32638337849456256
5,水草,渔网,0.2494660790199576
5,水草,弯刀,0.19952309956804082
5,水草,流星索,0.1755782913393153
5,水草,星图,0.17089060379872517
5,水草,藏刃匕首,0.16887707713073499
5,水草,龙涎香,0.1420238708118105
5,水草,弹簧刀,0.13719440277165981
5,水草,鹦鹉皮特,0.097374432783228701
5,水草,淬锋钢,0.083521940083067764
5,水草,狼筅,0.078542580760304417
5,水草,打火机,0.074393902692274319
5,水草,手里剑,0.065627625568261516
5,水草,海底热泉,0.049413741604338077
5,水草,火药角,0.039707470932057384
5,水草,火炮,0.037791759615159876
5,水草,双管霰弹枪,0.03474403706555021
5,水草,抓钩,0.03474403706555021
5,水草,手斧,0.019853735466028692
5,水草,左轮手枪,0.01544179425135565
5,水草,武士刀,0.014629068238126404
5,水草,三花,0
5,水草,刺刀,0
5,水草,填弹杆,0
5,水草,宠物石,0
5,水草,手雷,0
5,水草,步枪,0
5,水草,燃烧响炮,0
5,水草,舱底蠕虫,0
5,水草,葡萄弹,0
5,水草,迷你弯刀,0
5,水草,铲子,0
5,水草,靴里剑,0
5,水草,鲨齿爪,0
6,靴里剑,手斧,0.94814517776306984
6,靴里剑,三花,0.87528401486507268
6,靴里剑,葡萄弹,0.74339292514172906
6,靴里剑,宠物石,0.54101429144928181
6,靴里剑,迷你弯刀,0.47979166523014571
6,靴里剑,鲨齿爪,0.46253443105313524
6,靴里剑,舱底蠕虫,0.44892504573210634
6,靴里剑,手雷,0.35081898879621232
6,靴里剑,武士刀,0.34699917653403484
6,靴里剑,步枪,0.333542755829282
6,靴里剑,抓钩,0.30574752617684187
6,靴里剑,弹簧刀,0.29430243161407238
6,靴里剑,刺刀,0.2764081170992661
6,靴里剑,手里剑,0.26339289051598064
6,靴里剑,狼筅,0.25397687913413897
6,靴里剑,铲子,0.24797704886000543
6,靴里剑,火药角,0.23017834917028498
6,靴里剑,藏刃匕首,0.16985973676491214
6,靴里剑,独角鲸,0.15360521650032724
6,靴里剑,左轮手枪,0.10588658915215302
6,靴里剑,飞鱼,0.10323942442334921
6,靴里剑,打火机,0.092650765508133892
6,靴里剑,火炮,0.085838209220771108
6,靴里剑,食人鱼,0.083175119035711106
6,靴里剑,弯刀,0.069488074131100419
6,靴里剑,海底热泉,0.069488074131100419
6,靴里剑,绵鳚,0.069488074131100419
6,靴里剑,沙滩充气球,0.065586989267600052
6,靴里剑,星图,0.062675517843737635
6,靴里剑,填弹杆,0.046325382754066946
6,靴里剑,鹦鹉皮特,0.036822740137848087
6,靴里剑,水草,0.031791929341026343
6,靴里剑,龙涎香,0.029339409077575734
6,靴里剑,渔网,0.025268390593127427
6,靴里剑,救生圈,0.019853735466028692
6,靴里剑,珊瑚,0.019853735466028692
6,靴里剑,双管霰弹枪,0.017372018532775105
6,靴里剑,雪怪蟹,0.01544179425135565
6,靴里剑,毒须鲶,0.014629068238126404
6,靴里剑,淬锋钢,0.014629068238126404
6,靴里剑,马龙鱼,0.014629068238126404
6,靴里剑,木桶,0
6,靴里剑,水母,0
6,靴里剑,流星索,0
6,靴里剑,海螺壳,0
6,靴里剑,温馨海湾,0
6,靴里剑,湿件战服,0
6,靴里剑,燃烧响炮,0
6,靴里剑,珊瑚护甲,0
6,靴里剑,珍珠,0
6,靴里剑,皮皮虾,0
6,靴里剑,迷幻蝠鲼,0
6,靴里剑,钓鱼竿,0
6,靴里剑,鱼饵,0
7,弹簧刀,武士刀,0.95757570210943344
7,弹簧刀,独角鲸,0.58203066104045997
7,弹簧刀,左轮手枪,0.49773214541942684
7,弹簧刀,藏刃匕首,0.49537523998106209
7,弹簧刀,珍珠,0.48653684458719404
7,弹簧刀,鱼饵,0.45553293041499165
7,弹簧刀,水草,0.40954847039114939
7,弹簧刀,海螺壳,0.39376575340956904
7,弹簧刀,双管霰弹枪,0.36880767638512918
7,弹簧刀,龙涎香,0.36842304402057952
7,弹簧刀,淬锋钢,0.33641051761881952
7,弹簧刀,飞鱼,0.31076610930853243
7,弹簧刀,雪怪蟹,0.27795229652440168
7,弹簧刀,沙滩充气球,0.26650720196163219
7,弹簧刀,湿件战服,0.2115525812435724
7,弹簧刀,星图,0.20769213268073347
7,弹簧刀,弯刀,0.17603645446545441
7,弹簧刀,葡萄弹,0.16368301906436988
7,弹簧刀,抓钩,0.13897614826220084
7,弹簧刀,马龙鱼,0.1318167709274814
7,弹簧刀,迷你弯刀,0.13009711656767137
7,弹簧刀,救生圈,0.11272509803489625
7,弹簧刀,手斧,0.10075770749009562
7,弹簧刀,刺刀,0.091600473429499188
7,弹簧刀,鲨齿爪,0.090869020017592866
7,弹簧刀,珊瑚,0.082131768822623963
7,弹簧刀,三花,0.06977833342153944
7,弹簧刀,宠物石,0.055590459304880345
7,弹簧刀,食人鱼,0.054046279879744773
7,弹簧刀,靴里剑,0.049176175538932609
7,弹簧刀,手里剑,0.037060306203253561
7,弹簧刀,铲子,0.032001086770901507
7,弹簧刀,手雷,0.0308835885027113
7,弹簧刀,木桶,0.02138094588649244
7,弹簧刀,填弹杆,0.018530153101626781
7,弹簧刀,步枪,0.017372018532775105
7,弹簧刀,火药角,0.01544179425135565
7,弹簧刀,水母,0.013897614826220086
7,弹簧刀,打火机,0
7,弹簧刀,毒须鲶,0
7,弹簧刀,流星索,0
7,弹簧刀,海底热泉,0
7,弹簧刀,渔网,0
7,弹簧刀,温馨海湾,0
7,弹簧刀,火炮,0
7,弹簧刀,燃烧响炮,0
7,弹簧刀,狼筅,0
7,弹簧刀,珊瑚护甲,0
7,弹簧刀,皮皮虾,0
7,弹簧刀,绵鳚,0
7,弹簧刀,舱底蠕虫,0
7,弹簧刀,迷幻蝠鲼,0
7,弹簧刀,钓鱼竿,0
7,弹簧刀,鹦鹉皮特,0
8,葡萄弹,鲨齿爪,0.73534113242495081
8,葡萄弹,狼筅,0.64918795306933519
8,葡萄弹,左轮手枪,0.61984608795160945
8,葡萄弹,靴里剑,0.60352436149746924
8,葡萄弹,手雷,0.56173573145296407
8,葡萄弹,火药角,0.49850872095739229
8,葡萄弹,手斧,0.49436699669482304
8,葡萄弹,抓钩,0.49112321718812585
8,葡萄弹,双管霰弹枪,0.38141231800848452
8,葡萄弹,填弹杆,0.34347860715300499
8,葡萄弹,手里剑,0.32427767927846862
8,葡萄弹,迷你弯刀,0.32427767927846862
8,葡萄弹,打火机,0.27795229652440168
8,葡萄弹,海底热泉,0.27795229652440168
8,葡萄弹,刺刀,0.21867686359135696
8,葡萄弹,步枪,0.21822318629061552
8,葡萄弹,鹦鹉皮特,0.19311575766764064
8,葡萄弹,火炮,0.15634816679497596
8,葡萄弹,燃烧响炮,0.13897614826220084
8,葡萄弹,绵鳚,0.13897614826220084
8,葡萄弹,流星索,0.11130124427925175
8,葡萄弹,三花,0.092650765508133892
8,葡萄弹,铲子,0.092650765508133892
8,葡萄弹,马龙鱼,0.069488074131100419
8,葡萄弹,武士刀,0.046325382754066946
8,葡萄弹,毒须鲶,0.039707470932057384
8,葡萄弹,迷幻蝠鲼,0.039707470932057384
8,葡萄弹,皮皮虾,0.025268390593127427
8,葡萄弹,舱底蠕虫,0.025268390593127427
8,葡萄弹,独角鲸,0.01544179425135565
8,葡萄弹,弯刀,0.014629068238126404
8,葡萄弹,宠物石,0
8,葡萄弹,弹簧刀,0
8,葡萄弹,救生圈,0
8,葡萄弹,星图,0
8,葡萄弹,木桶,0
8,葡萄弹,水母,0
8,葡萄弹,水草,0
8,葡萄弹,沙滩充气球,0
8,葡萄弹,海螺壳,0
8,葡萄弹,淬锋钢,0
8,葡萄弹,渔网,0
8,葡萄弹,温馨海湾,0
8,葡萄弹,湿件战服,0
8,葡萄弹,珊瑚,0
8,葡萄弹,珊瑚护甲,0
8,葡萄弹,珍珠,0
8,葡萄弹,藏刃匕首,0
8,葡萄弹,钓鱼竿,0
8,葡萄弹,雪怪蟹,0
8,葡萄弹,飞鱼,0
8,葡萄弹,食人鱼,0
8,葡萄弹,鱼饵,0
8,葡萄弹,龙涎香,0
9,毒须鲶,珊瑚护甲,0.73743900502792725
9,毒须鲶,沙滩充气球,0.73349279803836764
9,毒须鲶,钓鱼竿,0.70351755037397135
9,毒须鲶,雪怪蟹,0.6705958950996237
9,毒须鲶,水母,0.6218179920821062
9,毒须鲶,手里剑,0.51106824045468857
9,毒须鲶,海螺壳,0.32535146791233394
9,毒须鲶,舱底蠕虫,0.31477503666224976
9,毒须鲶,星图,0.29973625627184985
9,毒须鲶,皮皮虾,0.29834055563759271
9,毒须鲶,珍珠,0.27795229652440168
9,毒须鲶,绵鳚,0.27795229652440168
9,毒须鲶,救生圈,0.26511703070118842
9,毒须鲶,温馨海湾,0.26496302253649667
9,毒须鲶,鱼饵,0.26316763688909023
9,毒须鲶,抓钩,0.24817169332535866
9,毒须鲶,木桶,0.24432575772704168
9,毒须鲶,湿件战服,0.19547353591366201
9,毒须鲶,迷幻蝠鲼,0.15287376308842093
9,毒须鲶,食人鱼,0.12580998684788708
9,毒须鲶,狼筅,0.10788198983788015
9,毒须鲶,宠物石,0.095268733567134736
9,毒须鲶,流星索,0.08355113675287075
9,毒须鲶,鹦鹉皮特,0.08331137016145837
9,毒须鲶,渔网,0.061088416818549825
9,毒须鲶,珊瑚,0.046325382754066946
9,毒须鲶,弯刀,0.041618525682798113
9,毒须鲶,马龙鱼,0.039707470932057384
9,毒须鲶,淬锋钢,0.03474403706555021
9,毒须鲶,铲子,0.02138094588649244
9,毒须鲶,藏刃匕首,0.017372018532775105
9,毒须鲶,左轮手枪,0.01544179425135565
9,毒须鲶,海底热泉,0.01544179425135565
9,毒须鲶,飞鱼,0.01544179425135565
9,毒须鲶,三花,0
9,毒须鲶,刺刀,0
9,毒须鲶,双管霰弹枪,0
9,毒须鲶,填弹杆,0
9,毒须鲶,弹簧刀,0
9,毒须鲶,手斧,0
9,毒须鲶,手雷,0
9,毒须鲶,打火机,0
9,毒须鲶,步枪,0
9,毒须鲶,武士刀,0
9,毒须鲶,水草,0
9,毒须鲶,火炮,0
9,毒须鲶,火药角,0
9,毒须鲶,燃烧响炮,0
9,毒须鲶,独角鲸,0
9,毒须鲶,葡萄弹,0
9,毒须鲶,迷你弯刀,0
9,毒须鲶,靴里剑,0
9,毒须鲶,鲨齿爪,0
9,毒须鲶,龙涎香,0
10,打火机,海底热泉,1
10,打火机,燃烧响炮,1
10,打火机,鹦鹉皮特,0.93985132121557513
10,打火机,火炮,0.92124684931808609
10,打火机,绵鳚,0.65802634846320307
10,打火机,迷幻蝠鲼,0.55167711035951339
10,打火机,皮皮虾,0.53887798307165069
10,打火机,手里剑,0.51106824045468857
10,打火机,毒须鲶,0.51019342331072837
10,打火机,流星索,0.46282714638372413
10,打火机,钓鱼竿,0.24797704886000543
10,打火机,抓钩,0.20846422239330126
10,打火机,宠物石,0.095268733567134736
10,打火机,木桶,0.075444194770909037
10,打火机,海螺壳,0.055590459304880345
10,打火机,食人鱼,0.055590459304880345
10,打火机,渔网,0.046325382754066946
10,打火机,淬锋钢,0.039707470932057384
10,打火机,沙滩充气球,0.0308835885027113
10,打火机,水母,0.017372018532775105
10,打火机,马龙鱼,0.016350135089670689
10,打火机,温馨海湾,0.014629068238126404
10,打火机,救生圈,0.013897614826220086
10,打火机,珊瑚,0.013897614826220086
10,打火机,鱼饵,0.013897614826220086
10,打火机,三花,0
10,打火机,刺刀,0
10,打火机,双管霰弹枪,0
10,打火机,填弹杆,0
10,打火机,左轮手枪,0
10,打火机,弯刀,0
10,打火机,弹簧刀,0
10,打火机,手斧,0
10,打火机,手雷,0
10,打火机,星图,0
10,打火机,步枪,0
10,打火机,武士刀,0
10,打火机,水草,0
10,打火机,湿件战服,0
10,打火机,火药角,0
10,打火机,独角鲸,0
10,打火机,狼筅,0
10,打火机,珊瑚护甲,0
10,打火机,珍珠,0
10,打火机,舱底蠕虫,0
10,打火机,葡萄弹,0
10,打火机,藏刃匕首,0
10,打火机,迷你弯刀,0
10,打火机,铲子,0
10,打火机,雪怪蟹,0
10,打火机,靴里剑,0
10,打火机,飞鱼,0
10,打火机,鲨齿爪,0
10,打火机,龙涎香,0
11,燃烧响炮,海底热泉,0.98146984689837324
11,燃烧响炮,打火机,0.94023516554585218
11,燃烧响炮,鹦鹉皮特,0.93985132121557513
11,燃烧响炮,火炮,0.92124684931808609
11,燃烧响炮,绵鳚,0.67539836699597822
11,燃烧响炮,手里剑,0.51106824045468857
11,燃烧响炮,毒须鲶,0.51019342331072837
11,燃烧响炮,迷幻蝠鲼,0.48867763879022286
11,燃烧响炮,流星索,0.43810576261703316
11,燃烧响炮,皮皮虾,0.30883588502711296
11,燃烧响炮,抓钩,0.20846422239330126
11,燃烧响炮,钓鱼竿,0.14824122481301424
11,燃烧响炮,飞鱼,0.13897614826220084
11,燃烧响炮,食人鱼,0.13897614826220084
11,燃烧响炮,马龙鱼,0.11981015657375355
11,燃烧响炮,宠物石,0.081371118740914655
11,燃烧响炮,木桶,0.0308835885027113
11,燃烧响炮,渔网,0.0308835885027113
11,燃烧响炮,龙涎香,0.0308835885027113
11,燃烧响炮,填弹杆,0.013897614826220086
11,燃烧响炮,左轮手枪,0.013897614826220086
11,燃烧响炮,三花,0
11,燃烧响炮,刺刀,0
11,燃烧响炮,双管霰弹枪,0
11,燃烧响炮,弯刀,0
11,燃烧响炮,弹簧刀,0
11,燃烧响炮,手斧,0
11,燃烧响炮,手雷,0
11,燃烧响炮,救生圈,0
11,燃烧响炮,星图,0
11,燃烧响炮,步枪,0
11,燃烧响炮,武士刀,0
11,燃烧响炮,水母,0
11,燃烧响炮,水草,0
11,燃烧响炮,沙滩充气球,0
11,燃烧响炮,海螺壳,0
11,燃烧响炮,淬锋钢,0
11,燃烧响炮,温馨海湾,0
11,燃烧响炮,湿件战服,0
11,燃烧响炮,火药角,0
11,燃烧响炮,独角鲸,0
11,燃烧响炮,狼筅,0
11,燃烧响炮,珊瑚,0
11,燃烧响炮,珊瑚护甲,0
11,燃烧响炮,珍珠,0
11,燃烧响炮,舱底蠕虫,0
11,燃烧响炮,葡萄弹,0
11,燃烧响炮,藏刃匕首,0
11,燃烧响炮,迷你弯刀,0
11,燃烧响炮,铲子,0
11,燃烧响炮,雪怪蟹,0
11,燃烧响炮,靴里剑,0
11,燃烧响炮,鱼饵,0
11,燃烧响炮,鲨齿爪,0
12,舱底蠕虫,左轮手枪,0.71096964303927968
12,舱底蠕虫,淬锋钢,0.51218020934906539
12,舱底蠕虫,刺刀,0.47244458529562072
12,舱底蠕虫,双管霰弹枪,0.43060546255208892
12,舱底蠕虫,弯刀,0.39917038139754352
12,舱底蠕虫,珊瑚,0.37472008739061285
12,舱底蠕虫,藏刃匕首,0.3610160734813303
12,舱底蠕虫,星图,0.27795229652440168
12,舱底蠕虫,靴里剑,0.27729050534220073
12,舱底蠕虫,鲨齿爪,0.26533762776192205
12,舱底蠕虫,铲子,0.26062848539126243
12,舱底蠕虫,火药角,0.25138936143582952
12,舱底蠕虫,宠物石,0.22439990399115778
12,舱底蠕虫,马龙鱼,0.22325873842697794
12,舱底蠕虫,葡萄弹,0.2221242711541159
12,舱底蠕虫,弹簧刀,0.20919567580520759
12,舱底蠕虫,龙涎香,0.18815232380113345
12,舱底蠕虫,手里剑,0.17473188283088534
12,舱底蠕虫,飞鱼,0.16192826971762495
12,舱底蠕虫,手斧,0.14872288449438392
12,舱底蠕虫,沙滩充气球,0.14410257388410838
12,舱底蠕虫,三花,0.14097050539951234
12,舱底蠕虫,温馨海湾,0.14079361797310361
12,舱底蠕虫,武士刀,0.13897614826220084
12,舱底蠕虫,鱼饵,0.11325962168205857
12,舱底蠕虫,食人鱼,0.10286340670618956
12,舱底蠕虫,珍珠,0.1018314961239609
12,舱底蠕虫,独角鲸,0.096029383648844044
12,舱底蠕虫,绵鳚,0.079463149263750629
12,舱底蠕虫,手雷,0.077595016113062132
12,舱底蠕虫,迷你弯刀,0.061862791830508392
12,舱底蠕虫,海底热泉,0.055590459304880345
12,舱底蠕虫,火炮,0.043798543694754208
12,舱底蠕虫,填弹杆,0.042640409125902529
12,舱底蠕虫,步枪,0.03773108097616313
12,舱底蠕虫,打火机,0.0308835885027113
12,舱底蠕虫,狼筅,0.028526683064346491
12,舱底蠕虫,抓钩,0.025268390593127427
12,舱底蠕虫,燃烧响炮,0.025268390593127427
12,舱底蠕虫,水草,0.019853735466028692
12,舱底蠕虫,皮皮虾,0.013897614826220086
12,舱底蠕虫,救生圈,0
12,舱底蠕虫,木桶,0
12,舱底蠕虫,毒须鲶,0
12,舱底蠕虫,水母,0
12,舱底蠕虫,流星索,0
12,舱底蠕虫,海螺壳,0
12,舱底蠕虫,渔网,0
12,舱底蠕虫,湿件战服,0
12,舱底蠕虫,珊瑚护甲,0
12,舱底蠕虫,迷幻蝠鲼,0
12,舱底蠕虫,钓鱼竿,0
12,舱底蠕虫,雪怪蟹,0
12,舱底蠕虫,鹦鹉皮特,0
13,鲨齿爪,迷你弯刀,0.97066059092242429
13,鲨齿爪,三花,0.95603152268429792
13,鲨齿爪,宠物石,0.87946287583973781
13,鲨齿爪,手斧,0.7463595458307748
13,鲨齿爪,刺刀,0.73969792437444015
13,鲨齿爪,靴里剑,0.67442793502693232
13,鲨齿爪,舱底蠕虫,0.62831092166846791
13,鲨齿爪,葡萄弹,0.34954606987159603
13,鲨齿爪,藏刃匕首,0.32627203641578012
13,鲨齿爪,独角鲸,0.29676822309106976
13,鲨齿爪,左轮手枪,0.25148064923636343
13,鲨齿爪,飞鱼,0.16192826971762495
13,鲨齿爪,铲子,0.11581345688516737
13,鲨齿爪,武士刀,0.11426927746003181
13,鲨齿爪,火药角,0.11208925944807573
13,鲨齿爪,食人鱼,0.066961235071787681
13,鲨齿爪,淬锋钢,0.037791759615159876
13,鲨齿爪,马龙鱼,0.02138094588649244
13,鲨齿爪,手雷,0.016350135089670689
13,鲨齿爪,珊瑚,0.016350135089670689
13,鲨齿爪,珍珠,0.016350135089670689
13,鲨齿爪,双管霰弹枪,0
13,鲨齿爪,填弹杆,0
13,鲨齿爪,弯刀,0
13,鲨齿爪,弹簧刀,0
13,鲨齿爪,手里剑,0
13,鲨齿爪,打火机,0
13,鲨齿爪,抓钩,0
13,鲨齿爪,救生圈,0
13,鲨齿爪,星图,0
13,鲨齿爪,木桶,0
13,鲨齿爪,步枪,0
13,鲨齿爪,毒须鲶,0
13,鲨齿爪,水母,0
13,鲨齿爪,水草,0
13,鲨齿爪,沙滩充气球,0
13,鲨齿爪,流星索,0
13,鲨齿爪,海底热泉,0
13,鲨齿爪,海螺壳,0
13,鲨齿爪,渔网,0
13,鲨齿爪,温馨海湾,0
13,鲨齿爪,湿件战服,0
13,鲨齿爪,火炮,0
13,鲨齿爪,燃烧响炮,0
13,鲨齿爪,狼筅,0
13,鲨齿爪,珊瑚护甲,0
13,鲨齿爪,皮皮虾,0
13,鲨齿爪,绵鳚,0
13,鲨齿爪,迷幻蝠鲼,0
13,鲨齿爪,钓鱼竿,0
13,鲨齿爪,雪怪蟹,0
13,鲨齿爪,鱼饵,0
13,鲨齿爪,鹦鹉皮特,0
13,鲨齿爪,龙涎香,0
14,飞鱼,水草,0.70630562279467934
14,飞鱼,湿件战服,0.64900553626911317
14,飞鱼,鱼饵,0.64215804379566122
14,飞鱼,海螺壳,0.59027015635704394
14,飞鱼,救生圈,0.48957903776299033
14,飞鱼,龙涎香,0.4536838079941361
14,飞鱼,雪怪蟹,0.42122763143075886
14,飞鱼,水母,0.40221810394715318
14,飞鱼,钓鱼竿,0.3474403706555021
14,飞鱼,温馨海湾,0.30833259977491467
14,飞鱼,铲子,0.2400792643079189
14,飞鱼,淬锋钢,0.2331710931954703
14,飞鱼,珍珠,0.20450245889080415
14,飞鱼,珊瑚护甲,0.19315726677595862
14,飞鱼,手里剑,0.17345895196635594
14,飞鱼,渔网,0.13949844424423199
14,飞鱼,皮皮虾,0.11730248704511952
14,飞鱼,抓钩,0.11018823183645926
14,飞鱼,迷幻蝠鲼,0.10882401317139588
14,飞鱼,马龙鱼,0.089562406657862775
14,飞鱼,弹簧刀,0.081603943466779474
14,飞鱼,鹦鹉皮特,0.064634938794960073
14,飞鱼,独角鲸,0.049176175538932609
14,飞鱼,三花,0.042424297890566579
14,飞鱼,珊瑚,0.032001086770901507
14,飞鱼,毒须鲶,0.0308835885027113
14,飞鱼,靴里剑,0.0308835885027113
14,飞鱼,食人鱼,0.0308835885027113
14,飞鱼,流星索,0.027795229652440172
14,飞鱼,星图,0.023162691377033473
14,飞鱼,狼筅,0.023162691377033473
14,飞鱼,手斧,0.019853735466028692
14,飞鱼,藏刃匕首,0.018530153101626781
14,飞鱼,迷你弯刀,0.018530153101626781
14,飞鱼,舱底蠕虫,0.017372018532775105
14,飞鱼,武士刀,0.016350135089670689
14,飞鱼,海底热泉,0.016350135089670689
14,飞鱼,刺刀,0
14,飞鱼,双管霰弹枪,0
14,飞鱼,填弹杆,0
14,飞鱼,宠物石,0
14,飞鱼,左轮手枪,0
14,飞鱼,弯刀,0
14,飞鱼,手雷,0
14,飞鱼,打火机,0
14,飞鱼,木桶,0
14,飞鱼,步枪,0
14,飞鱼,沙滩充气球,0
14,飞鱼,火炮,0
14,飞鱼,火药角,0
14,飞鱼,燃烧响炮,0
14,飞鱼,绵鳚,0
14,飞鱼,葡萄弹,0
14,飞鱼,鲨齿爪,0
15,左轮手枪,鲨齿爪,0.86646911602643506
15,左轮手枪,葡萄弹,0.78847907146638052
15,左轮手枪,手斧,0.69698644052709824
15,左轮手枪,刺刀,0.62277004255474633
15,左轮手枪,靴里剑,0.5368464438505729
15,左轮手枪,迷你弯刀,0.48092754499474211
15,左轮手枪,三花,0.40548335022383303
15,左轮手枪,狼筅,0.26251050227304606
15,左轮手枪,弹簧刀,0.20683569703317931
15,左轮手枪,武士刀,0.17737006396898058
15,左轮手枪,独角鲸,0.055590459304880345
15,左轮手枪,宠物石,0.055149265183413038
15,左轮手枪,舱底蠕虫,0.045512656740837702
15,左轮手枪,星图,0.03474403706555021
15,左轮手枪,飞鱼,0.03474403706555021
15,左轮手枪,抓钩,0.032813812784130758
15,左轮手枪,双管霰弹枪,0.025268390593127427
15,左轮手枪,珍珠,0.025268390593127427
15,左轮手枪,水草,0.023162691377033473
15,左轮手枪,藏刃匕首,0.023162691377033473
15,左轮手枪,龙涎香,0.017372018532775105
15,左轮手枪,沙滩充气球,0.016350135089670689
15,左轮手枪,燃烧响炮,0.016350135089670689
15,左轮手枪,绵鳚,0.016350135089670689
15,左轮手枪,食人鱼,0.016350135089670689
15,左轮手枪,海底热泉,0.014629068238126404
15,左轮手枪,湿件战服,0.014629068238126404
15,左轮手枪,填弹杆,0
15,左轮手枪,弯刀,0
15,左轮手枪,手里剑,0
15,左轮手枪,手雷,0
15,左轮手枪,打火机,0
15,左轮手枪,救生圈,0
15,左轮手枪,木桶,0
15,左轮手枪,步枪,0
15,左轮手枪,毒须鲶,0
15,左轮手枪,水母,0
15,左轮手枪,流星索,0
15,左轮手枪,海螺壳,0
15,左轮手枪,淬锋钢,0
15,左轮手枪,渔网,0
15,左轮手枪,温馨海湾,0
15,左轮手枪,火炮,0
15,左轮手枪,火药角,0
15,左轮手枪,珊瑚,0
15,左轮手枪,珊瑚护甲,0
15,左轮手枪,皮皮虾,0
15,左轮手枪,迷幻蝠鲼,0
15,左轮手枪,钓鱼竿,0
15,左轮手枪,铲子,0
15,左轮手枪,雪怪蟹,0
15,左轮手枪,马龙鱼,0
15,左轮手枪,鱼饵,0
15,左轮手枪,鹦鹉皮特,0
16,迷幻蝠鲼,皮皮虾,1
16,迷幻蝠鲼,流星索,0.85275146196028717
16,迷幻蝠鲼,渔网,0.82774289223682052
16,迷幻蝠鲼,弯刀,0.36983995591067642
16,迷幻蝠鲼,舱底蠕虫,0.31477503666224976
16,迷幻蝠鲼,绵鳚,0.27795229652440168
16,迷幻蝠鲼,鹦鹉皮特,0.17017146282533391
16,迷幻蝠鲼,珊瑚,0.16213883963923431
16,迷幻蝠鲼,马龙鱼,0.12618151873964903
16,迷幻蝠鲼,水母,0.11451582711614589
16,迷幻蝠鲼,水草,0.092650765508133892
16,迷幻蝠鲼,食人鱼,0.092650765508133892
16,迷幻蝠鲼,雪怪蟹,0.062675517843737635
16,迷幻蝠鲼,燃烧响炮,0.054597772531578902
16,迷幻蝠鲼,木桶,0.046325382754066946
16,迷幻蝠鲼,海螺壳,0.045689544167246431
16,迷幻蝠鲼,珍珠,0.044543637263525913
16,迷幻蝠鲼,毒须鲶,0.040534709909808578
16,迷幻蝠鲼,抓钩,0.039707470932057384
16,迷幻蝠鲼,左轮手枪,0.0308835885027113
16,迷幻蝠鲼,救生圈,0.018530153101626781
16,迷幻蝠鲼,湿件战服,0.016350135089670689
16,迷幻蝠鲼,独角鲸,0.016350135089670689
16,迷幻蝠鲼,藏刃匕首,0.014629068238126404
16,迷幻蝠鲼,三花,0
16,迷幻蝠鲼,刺刀,0
16,迷幻蝠鲼,双管霰弹枪,0
16,迷幻蝠鲼,填弹杆,0
16,迷幻蝠鲼,宠物石,0
16,迷幻蝠鲼,弹簧刀,0
16,迷幻蝠鲼,手斧,0
16,迷幻蝠鲼,手里剑,0
16,迷幻蝠鲼,手雷,0
16,迷幻蝠鲼,打火机,0
16,迷幻蝠鲼,星图,0
16,迷幻蝠鲼,步枪,0
16,迷幻蝠鲼,武士刀,0
16,迷幻蝠鲼,沙滩充气球,0
16,迷幻蝠鲼,海底热泉,0
16,迷幻蝠鲼,淬锋钢,0
16,迷幻蝠鲼,温馨海湾,0
16,迷幻蝠鲼,火炮,0
16,迷幻蝠鲼,火药角,0
16,迷幻蝠鲼,狼筅,0
16,迷幻蝠鲼,珊瑚护甲,0
16,迷幻蝠鲼,葡萄弹,0
16,迷幻蝠鲼,迷你弯刀,0
16,迷幻蝠鲼,钓鱼竿,0
16,迷幻蝠鲼,铲子,0
16,迷幻蝠鲼,靴里剑,0
16,迷幻蝠鲼,飞鱼,0
16,迷幻蝠鲼,鱼饵,0
16,迷幻蝠鲼,鲨齿爪,0
16,迷幻蝠鲼,龙涎香,0
17,手雷,填弹杆,0.79768899875201038
17,手雷,步枪,0.77525917327861749
17,手雷,火药角,0.51495218557275801
17,手雷,狼筅,0.47932821630442313
17,手雷,抓钩,0.4447978344340589
17,手雷,舱底蠕虫,0.24177437856408274
17,手雷,葡萄弹,0.21152092853361956
17,手雷,手斧,0.18861947051798122
17,手雷,铲子,0.18698196156715061
17,手雷,燃烧响炮,0.084929868382456072
17,手雷,左轮手枪,0.069488074131100419
17,手雷,火炮,0.061767177005422599
17,手雷,藏刃匕首,0.036822740137848087
17,手雷,流星索,0.03474403706555021
17,手雷,海底热泉,0.025268390593127427
17,手雷,靴里剑,0.018530153101626781
17,手雷,刺刀,0.017372018532775105
17,手雷,马龙鱼,0.017372018532775105
17,手雷,宠物石,0.014629068238126404
17,手雷,飞鱼,0.014629068238126404
17,手雷,绵鳚,0.013897614826220086
17,手雷,三花,0
17,手雷,双管霰弹枪,0
17,手雷,弯刀,0
17,手雷,弹簧刀,0
17,手雷,手里剑,0
17,手雷,打火机,0
17,手雷,救生圈,0
17,手雷,星图,0
17,手雷,木桶,0
17,手雷,武士刀,0
17,手雷,毒须鲶,0
17,手雷,水母,0
17,手雷,水草,0
17,手雷,沙滩充气球,0
17,手雷,海螺壳,0
17,手雷,淬锋钢,0
17,手雷,渔网,0
17,手雷,温馨海湾,0
17,手雷,湿件战服,0
17,手雷,独角鲸,0
17,手雷,珊瑚,0
17,手雷,珊瑚护甲,0
17,手雷,珍珠,0
17,手雷,皮皮虾,0
17,手雷,迷你弯刀,0
17,手雷,迷幻蝠鲼,0
17,手雷,钓鱼竿,0
17,手雷,雪怪蟹,0
17,手雷,食人鱼,0
17,手雷,鱼饵,0
17,手雷,鲨齿爪,0
17,手雷,鹦鹉皮特,0
17,手雷,龙涎香,0
18,皮皮虾,迷幻蝠鲼,0.97683730862296647
18,皮皮虾,流星索,0.85275146196028717
18,皮皮虾,渔网,0.82774289223682052
18,皮皮虾,舱底蠕虫,0.31477503666224976
18,皮皮虾,鹦鹉皮特,0.31269633358995186
18,皮皮虾,绵鳚,0.29648244962602843
18,皮皮虾,抓钩,0.14447410577587033
18,皮皮虾,弯刀,0.11396433446431176
18,皮皮虾,食人鱼,0.092650765508133892
18,皮皮虾,燃烧响炮,0.082393002184019071
18,皮皮虾,水母,0.054954620718059816
18,皮皮虾,靴里剑,0.025268390593127427
18,皮皮虾,打火机,0.023162691377033473
18,皮皮虾,毒须鲶,0.023162691377033473
18,皮皮虾,钓鱼竿,0.02138094588649244
18,皮皮虾,海底热泉,0.019853735466028692
18,皮皮虾,左轮手枪,0.017372018532775105
18,皮皮虾,三花,0
18,皮皮虾,刺刀,0
18,皮皮虾,双管霰弹枪,0
18,皮皮虾,填弹杆,0
18,皮皮虾,宠物石,0
18,皮皮虾,弹簧刀,0
18,皮皮虾,手斧,0
18,皮皮虾,手里剑,0
18,皮皮虾,手雷,0
18,皮皮虾,救生圈,0
18,皮皮虾,星图,0
18,皮皮虾,木桶,0
18,皮皮虾,步枪,0
18,皮皮虾,武士刀,0
18,皮皮虾,水草,0
18,皮皮虾,沙滩充气球,0
18,皮皮虾,海螺壳,0
18,皮皮虾,淬锋钢,0
18,皮皮虾,温馨海湾,0
18,皮皮虾,湿件战服,0
18,皮皮虾,火炮,0
18,皮皮虾,火药角,0
18,皮皮虾,独角鲸,0
18,皮皮虾,狼筅,0
18,皮皮虾,珊瑚,0
18,皮皮虾,珊瑚护甲,0
18,皮皮虾,珍珠,0
18,皮皮虾,葡萄弹,0
18,皮皮虾,藏刃匕首,0
18,皮皮虾,迷你弯刀,0
18,皮皮虾,铲子,0
18,皮皮虾,雪怪蟹,0
18,皮皮虾,飞鱼,0
18,皮皮虾,马龙鱼,0
18,皮皮虾,鱼饵,0
18,皮皮虾,鲨齿爪,0
18,皮皮虾,龙涎香,0
19,火药角,双管霰弹枪,1
19,火药角,狼筅,0.47932821630442313
19,火药角,抓钩,0.4447978344340589
19,火药角,火炮,0.39045679749856427
19,火药角,手雷,0.31906199564127502
19,火药角,燃烧响炮,0.2993332424108941
19,火药角,葡萄弹,0.21152092853361956
19,火药角,手斧,0.18861947051798122
19,火药角,铲子,0.17154016731579497
19,火药角,打火机,0.13897614826220084
19,火药角,绵鳚,0.13897614826220084
19,火药角,步枪,0.092413199442728439
19,火药角,皮皮虾,0.06977833342153944
19,火药角,流星索,0.046325382754066946
19,火药角,左轮手枪,0.018530153101626781
19,火药角,弯刀,0.017372018532775105
19,火药角,手里剑,0.016350135089670689
19,火药角,木桶,0.016350135089670689
19,火药角,水母,0.01544179425135565
19,火药角,独角鲸,0.01544179425135565
19,火药角,三花,0
19,火药角,刺刀,0
19,火药角,填弹杆,0
19,火药角,宠物石,0
19,火药角,弹簧刀,0
19,火药角,救生圈,0
19,火药角,星图,0
19,火药角,武士刀,0
19,火药角,毒须鲶,0
19,火药角,水草,0
19,火药角,沙滩充气球,0
19,火药角,海底热泉,0
19,火药角,海螺壳,0
19,火药角,淬锋钢,0
19,火药角,渔网,0
19,火药角,温馨海湾,0
19,火药角,湿件战服,0
19,火药角,珊瑚,0
19,火药角,珊瑚护甲,0
19,火药角,珍珠,0
19,火药角,舱底蠕虫,0
19,火药角,藏刃匕首,0
19,火药角,迷你弯刀,0
19,火药角,迷幻蝠鲼,0
19,火药角,钓鱼竿,0
19,火药角,雪怪蟹,0
19,火药角,靴里剑,0
19,火药角,飞鱼,0
19,火药角,食人鱼,0
19,火药角,马龙鱼,0
19,火药角,鱼饵,0
19,火药角,鲨齿爪,0
19,火药角,鹦鹉皮特,0
19,火药角,龙涎香,0
20,流星索,靴里剑,0.54256849801354168
20,流星索,弯刀,0.51179969386659485
20,流星索,皮皮虾,0.44619353506831611
20,流星索,渔网,0.36782862976869307
20,流星索,鲨齿爪,0.16985973676491214
20,流星索,舱底蠕虫,0.16049334527444059
20,流星索,三花,0.16035709414869329
20,流星索,手雷,0.15750630136382762
20,流星索,迷你弯刀,0.15552092781722476
20,流星索,葡萄弹,0.13897614826220084
20,流星索,鹦鹉皮特,0.13897614826220084
20,流星索,步枪,0.12868777577654883
20,流星索,填弹杆,0.11886117943477703
20,流星索,手斧,0.092650765508133892
20,流星索,左轮手枪,0.062539266717990386
20,流星索,迷幻蝠鲼,0.061862791830508392
20,流星索,藏刃匕首,0.056057606021728074
20,流星索,打火机,0.055590459304880345
20,流星索,弹簧刀,0.049413741604338077
20,流星索,刺刀,0.049176175538932609
20,流星索,淬锋钢,0.048255607035486404
20,流星索,海底热泉,0.046325382754066946
20,流星索,抓钩,0.044543637263525913
20,流星索,火炮,0.039707470932057384
20,流星索,火药角,0.037791759615159876
20,流星索,燃烧响炮,0.037225753998803797
20,流星索,绵鳚,0.03474403706555021
20,流星索,水母,0.031791929341026343
20,流星索,宠物石,0.023162691377033473
20,流星索,武士刀,0.017372018532775105
20,流星索,水草,0.017372018532775105
20,流星索,双管霰弹枪,0
20,流星索,手里剑,0
20,流星索,救生圈,0
20,流星索,星图,0
20,流星索,木桶,0
20,流星索,毒须鲶,0
20,流星索,沙滩充气球,0
20,流星索,海螺壳,0
20,流星索,温馨海湾,0
20,流星索,湿件战服,0
20,流星索,独角鲸,0
20,流星索,狼筅,0
20,流星索,珊瑚,0
20,流星索,珊瑚护甲,0
20,流星索,珍珠,0
20,流星索,钓鱼竿,0
20,流星索,铲子,0
20,流星索,雪怪蟹,0
20,流星索,飞鱼,0
20,流星索,食人鱼,0
20,流星索,马龙鱼,0
20,流星索,鱼饵,0
20,流星索,龙涎香,0
21,海螺壳,迷幻蝠鲼,0.474377010103047
21,海螺壳,鱼饵,0.31358874897201072
21,海螺壳,绵鳚,0.30883588502711296
21,海螺壳,舱底蠕虫,0.27795229652440168
21,海螺壳,皮皮虾,0.2192183291040668
21,海螺壳,燃烧响炮,0.19225033842937783
21,海螺壳,雪怪蟹,0.17596213566959229
21,海螺壳,毒须鲶,0.15354453786133054
21,海螺壳,渔网,0.13772222812750431
21,海螺壳,流星索,0.12176957752497598
21,海螺壳,珊瑚,0.11581345688516737
21,海螺壳,珍珠,0.11581345688516737
21,海螺壳,海底热泉,0.11118091860976068
21,海螺壳,水母,0.10671382812990422
21,海螺壳,打火机,0.095832453884100027
21,海螺壳,马龙鱼,0.085701958095023859
21,海螺壳,淬锋钢,0.074120612406507122
21,海螺壳,飞鱼,0.069488074131100419
21,海螺壳,弹簧刀,0.063697401286842051
21,海螺壳,龙涎香,0.055590459304880345
21,海螺壳,水草,0.053605085758277472
21,海螺壳,独角鲸,0.046325382754066946
21,海螺壳,左轮手枪,0.040710184844483077
21,海螺壳,抓钩,0.039707470932057384
21,海螺壳,星图,0.039707470932057384
21,海螺壳,温馨海湾,0.039707470932057384
21,海螺壳,救生圈,0.036010014124618843
21,海螺壳,食人鱼,0.033159221339753187
21,海螺壳,手里剑,0.032813812784130758
21,海螺壳,钓鱼竿,0.027795229652440172
21,海螺壳,沙滩充气球,0.025268390593127427
21,海螺壳,狼筅,0.025268390593127427
21,海螺壳,鹦鹉皮特,0.025268390593127427
21,海螺壳,火炮,0.02138094588649244
21,海螺壳,木桶,0.018530153101626781
21,海螺壳,手雷,0.01544179425135565
21,海螺壳,弯刀,0.013897614826220086
21,海螺壳,三花,0
21,海螺壳,刺刀,0
21,海螺壳,双管霰弹枪,0
21,海螺壳,填弹杆,0
21,海螺壳,宠物石,0
21,海螺壳,手斧,0
21,海螺壳,步枪,0
21,海螺壳,武士刀,0
21,海螺壳,湿件战服,0
21,海螺壳,火药角,0
21,海螺壳,珊瑚护甲,0
21,海螺壳,葡萄弹,0
21,海螺壳,藏刃匕首,0
21,海螺壳,迷你弯刀,0
21,海螺壳,铲子,0
21,海螺壳,靴里剑,0
21,海螺壳,鲨齿爪,0
22,珊瑚,铲子,0.27795229652440168
22,珊瑚,葡萄弹,0.19424469556668933
22,珊瑚,火炮,0.17603645446545441
22,珊瑚,毒须鲶,0.166771377914641
22,珊瑚,雪怪蟹,0.16213883963923431
22,珊瑚,鹦鹉皮特,0.16132611362600507
22,珊瑚,水母,0.15360521650032724
22,珊瑚,珊瑚护甲,0.1433880894768739
22,珊瑚,海底热泉,0.13897614826220084
22,珊瑚,武士刀,0.1195895595130199
22,珊瑚,双管霰弹枪,0.11418493152504541
22,珊瑚,星图,0.10897249196227429
22,珊瑚,海螺壳,0.098772333943492746
22,珊瑚,鱼饵,0.095297930236937722
22,珊瑚,独角鲸,0.092650765508133892
22,珊瑚,飞鱼,0.092650765508133892
22,珊瑚,手雷,0.091600473429499188
22,珊瑚,打火机,0.081205670945364419
22,珊瑚,钓鱼竿,0.076573132669957716
22,珊瑚,弹簧刀,0.073458821224306164
22,珊瑚,水草,0.07159377334719437
22,珊瑚,填弹杆,0.06977833342153944
22,珊瑚,木桶,0.069488074131100419
22,珊瑚,食人鱼,0.069488074131100419
22,珊瑚,救生圈,0.060012427658677633
22,珊瑚,步枪,0.059561206398086076
22,珊瑚,手里剑,0.0530636202455676
22,珊瑚,抓钩,0.053012956805781872
22,珊瑚,狼筅,0.052116055598325314
22,珊瑚,绵鳚,0.049176175538932609
22,珊瑚,温馨海湾,0.048641651891770298
22,珊瑚,弯刀,0.046649336479619871
22,珊瑚,沙滩充气球,0.046325382754066946
22,珊瑚,藏刃匕首,0.046325382754066946
22,珊瑚,马龙鱼,0.043016426843062165
22,珊瑚,宠物石,0.041618525682798113
22,珊瑚,燃烧响炮,0.039707470932057384
22,珊瑚,流星索,0.038383888567655469
22,珊瑚,淬锋钢,0.03474403706555021
22,珊瑚,左轮手枪,0.03397194735298243
22,珊瑚,手斧,0.02138094588649244
22,珊瑚,火药角,0.019853735466028692
22,珊瑚,龙涎香,0.019853735466028692
22,珊瑚,湿件战服,0.017372018532775105
22,珊瑚,渔网,0.016350135089670689
22,珊瑚,迷你弯刀,0.01544179425135565
22,珊瑚,珍珠,0.013897614826220086
22,珊瑚,三花,0
22,珊瑚,刺刀,0
22,珊瑚,皮皮虾,0
22,珊瑚,舱底蠕虫,0
22,珊瑚,迷幻蝠鲼,0
22,珊瑚,靴里剑,0
22,珊瑚,鲨齿爪,0
23,独角鲸,湿件战服,0.35207290893090876
23,独角鲸,沙滩充气球,0.30125123902718237
23,独角鲸,温馨海湾,0.29430243161407238
23,独角鲸,珍珠,0.29258136476252811
23,独角鲸,鱼饵,0.27017625013354046
23,独角鲸,星图,0.24353915504995197
23,独角鲸,海螺壳,0.15055749395071757
23,独角鲸,救生圈,0.11581345688516737
23,独角鲸,水母,0.10476663484381296
23,独角鲸,刺刀,0.10128000347212676
23,独角鲸,手斧,0.095698488057743558
23,独角鲸,三花,0.092650765508133892
23,独角鲸,靴里剑,0.08603285368612433
23,独角鲸,水草,0.080256693806387919
23,独角鲸,弹簧刀,0.072521283716188142
23,独角鲸,雪怪蟹,0.069488074131100433
23,独角鲸,飞鱼,0.064975861525184808
23,独角鲸,钓鱼竿,0.058237624033684168
23,独角鲸,迷你弯刀,0.056538023952122617
23,独角鲸,狼筅,0.055590459304880345
23,独角鲸,珊瑚护甲,0.050101485381919469
23,独角鲸,食人鱼,0.035278560712712528
23,独角鲸,毒须鲶,0.03375135029224878
23,独角鲸,龙涎香,0.033159221339753187
23,独角鲸,渔网,0.027795229652440172
23,独角鲸,铲子,0.025268390593127427
23,独角鲸,鲨齿爪,0.023162691377033473
23,独角鲸,藏刃匕首,0.019853735466028692
23,独角鲸,宠物石,0.018530153101626781
23,独角鲸,武士刀,0.018530153101626781
23,独角鲸,舱底蠕虫,0.018530153101626781
23,独角鲸,双管霰弹枪,0.014629068238126404
23,独角鲸,木桶,0.013897614826220086
23,独角鲸,填弹杆,0
23,独角鲸,左轮手枪,0
23,独角鲸,弯刀,0
23,独角鲸,手里剑,0
23,独角鲸,手雷,0
23,独角鲸,打火机,0
23,独角鲸,抓钩,0
23,独角鲸,步枪,0
23,独角鲸,流星索,0
23,独角鲸,海底热泉,0
23,独角鲸,淬锋钢,0
23,独角鲸,火炮,0
23,独角鲸,火药角,0
23,独角鲸,燃烧响炮,0
23,独角鲸,珊瑚,0
23,独角鲸,皮皮虾,0
23,独角鲸,绵鳚,0
23,独角鲸,葡萄弹,0
23,独角鲸,迷幻蝠鲼,0
23,独角鲸,马龙鱼,0
23,独角鲸,鹦鹉皮特,0
24,雪怪蟹,珊瑚护甲,0.56362549017448116
24,雪怪蟹,水母,0.56142954670626899
24,雪怪蟹,毒须鲶,0.43576029680952683
24,雪怪蟹,海螺壳,0.28914759735663453
24,雪怪蟹,珍珠,0.2547896051473682
24,雪怪蟹,鱼饵,0.17905049451986343
24,雪怪蟹,救生圈,0.13897614826220084
24,雪怪蟹,温馨海湾,0.10809255975948955
24,雪怪蟹,沙滩充气球,0.055590459304880345
24,雪怪蟹,钓鱼竿,0.044781203328931388
24,雪怪蟹,木桶,0.039707470932057384
24,雪怪蟹,皮皮虾,0.027795229652440172
24,雪怪蟹,湿件战服,0.025268390593127427
24,雪怪蟹,左轮手枪,0.023162691377033473
24,雪怪蟹,珊瑚,0.02138094588649244
24,雪怪蟹,狼筅,0.018530153101626781
24,雪怪蟹,食人鱼,0.018530153101626781
24,雪怪蟹,三花,0
24,雪怪蟹,刺刀,0
24,雪怪蟹,双管霰弹枪,0
24,雪怪蟹,填弹杆,0
24,雪怪蟹,宠物石,0
24,雪怪蟹,弯刀,0
24,雪怪蟹,弹簧刀,0
24,雪怪蟹,手斧,0
24,雪怪蟹,手里剑,0
24,雪怪蟹,手雷,0
24,雪怪蟹,打火机,0
24,雪怪蟹,抓钩,0
24,雪怪蟹,星图,0
24,雪怪蟹,步枪,0
24,雪怪蟹,武士刀,0
24,雪怪蟹,水草,0
24,雪怪蟹,流星索,0
24,雪怪蟹,海底热泉,0
24,雪怪蟹,淬锋钢,0
24,雪怪蟹,渔网,0
24,雪怪蟹,火炮,0
24,雪怪蟹,火药角,0
24,雪怪蟹,燃烧响炮,0
24,雪怪蟹,独角鲸,0
24,雪怪蟹,绵鳚,0
24,雪怪蟹,舱底蠕虫,0
24,雪怪蟹,葡萄弹,0
24,雪怪蟹,藏刃匕首,0
24,雪怪蟹,迷你弯刀,0
24,雪怪蟹,迷幻蝠鲼,0
24,雪怪蟹,铲子,0
24,雪怪蟹,靴里剑,0
24,雪怪蟹,飞鱼,0
24,雪怪蟹,马龙鱼,0
24,雪怪蟹,鲨齿爪,0
24,雪怪蟹,鹦鹉皮特,0
24,雪怪蟹,龙涎香,0
25,水母,雪怪蟹,0.54674981502835673
25,水母,毒须鲶,0.38234985551660255
25,水母,珊瑚护甲,0.32885506828869188
25,水母,珍珠,0.25300785965682715
25,水母,海螺壳,0.21319237549379372
25,水母,温馨海湾,0.19336335087217038
25,水母,弯刀,0.15750630136382762
25,水母,木桶,0.13897614826220084
25,水母,鱼饵,0.11791915610126132
25,水母,救生圈,0.056057606021728074
25,水母,马龙鱼,0.055590459304880345
25,水母,钓鱼竿,0.045512656740837702
25,水母,渔网,0.038383888567655469
25,水母,珊瑚,0.0308835885027113
25,水母,星图,0.028526683064346491
25,水母,淬锋钢,0.025268390593127427
25,水母,流星索,0.023162691377033473
25,水母,飞鱼,0.023162691377033473
25,水母,手里剑,0.02138094588649244
25,水母,食人鱼,0.014629068238126404
25,水母,三花,0
25,水母,刺刀,0
25,水母,双管霰弹枪,0
25,水母,填弹杆,0
25,水母,宠物石,0
25,水母,左轮手枪,0
25,水母,弹簧刀,0
25,水母,手斧,0
25,水母,手雷,0
25,水母,打火机,0
25,水母,抓钩,0
25,水母,步枪,0
25,水母,武士刀,0
25,水母,水草,0
25,水母,沙滩充气球,0
25,水母,海底热泉,0
25,水母,湿件战服,0
25,水母,火炮,0
25,水母,火药角,0
25,水母,燃烧响炮,0
25,水母,独角鲸,0
25,水母,狼筅,0
25,水母,皮皮虾,0
25,水母,绵鳚,0
25,水母,舱底蠕虫,0
25,水母,葡萄弹,0
25,水母,藏刃匕首,0
25,水母,迷你弯刀,0
25,水母,迷幻蝠鲼,0
25,水母,铲子,0
25,水母,靴里剑,0
25,水母,鲨齿爪,0
25,水母,鹦鹉皮特,0
25,水母,龙涎香,0
26,步枪,填弹杆,1
26,步枪,手雷,0.68093800435872498
26,步枪,火药角,0.48504781442724182
26,步枪,流星索,0.081069419819617156
26,步枪,左轮手枪,0.018530153101626781
26,步枪,手里剑,0.016350135089670689
26,步枪,独角鲸,0.01544179425135565
26,步枪,三花,0
26,步枪,刺刀,0
26,步枪,双管霰弹枪,0
26,步枪,宠物石,0
26,步枪,弯刀,0
26,步枪,弹簧刀,0
26,步枪,手斧,0
26,步枪,打火机,0
26,步枪,抓钩,0
26,步枪,救生圈,0
26,步枪,星图,0
26,步枪,木桶,0
26,步枪,武士刀,0
26,步枪,毒须鲶,0
26,步枪,水母,0
26,步枪,水草,0
26,步枪,沙滩充气球,0
26,步枪,海底热泉,0
26,步枪,海螺壳,0
26,步枪,淬锋钢,0
26,步枪,渔网,0
26,步枪,温馨海湾,0
26,步枪,湿件战服,0
26,步枪,火炮,0
26,步枪,燃烧响炮,0
26,步枪,狼筅,0
26,步枪,珊瑚,0
26,步枪,珊瑚护甲,0
26,步枪,珍珠,0
26,步枪,皮皮虾,0
26,步枪,绵鳚,0
26,步枪,舱底蠕虫,0
26,步枪,葡萄弹,0
26,步枪,藏刃匕首,0
26,步枪,迷你弯刀,0
26,步枪,迷幻蝠鲼,0
26,步枪,钓鱼竿,0
26,步枪,铲子,0
26,步枪,雪怪蟹,0
26,步枪,靴里剑,0
26,步枪,飞鱼,0
26,步枪,食人鱼,0
26,步枪,马龙鱼,0
26,步枪,鱼饵,0
26,步枪,鲨齿爪,0
26,步枪,鹦鹉皮特,0
26,步枪,龙涎香,0
27,火炮,打火机,0.85290792616512878
27,火炮,燃烧响炮,0.64206675599512741
27,火炮,绵鳚,0.32209766126651251
27,火炮,鹦鹉皮特,0.27795229652440168
27,火炮,毒须鲶,0.025268390593127427
27,火炮,三花,0
27,火炮,刺刀,0
27,火炮,双管霰弹枪,0
27,火炮,填弹杆,0
27,火炮,宠物石,0
27,火炮,左轮手枪,0
27,火炮,弯刀,0
27,火炮,弹簧刀,0
27,火炮,手斧,0
27,火炮,手里剑,0
27,火炮,手雷,0
27,火炮,抓钩,0
27,火炮,救生圈,0
27,火炮,星图,0
27,火炮,木桶,0
27,火炮,步枪,0
27,火炮,武士刀,0
27,火炮,水母,0
27,火炮,水草,0
27,火炮,沙滩充气球,0
27,火炮,流星索,0
27,火炮,海底热泉,0
27,火炮,海螺壳,0
27,火炮,淬锋钢,0
27,火炮,渔网,0
27,火炮,温馨海湾,0
27,火炮,湿件战服,0
27,火炮,火药角,0
27,火炮,独角鲸,0
27,火炮,狼筅,0
27,火炮,珊瑚,0
27,火炮,珊瑚护甲,0
27,火炮,珍珠,0
27,火炮,皮皮虾,0
27,火炮,舱底蠕虫,0
27,火炮,葡萄弹,0
27,火炮,藏刃匕首,0
27,火炮,迷你弯刀,0
27,火炮,迷幻蝠鲼,0
27,火炮,钓鱼竿,0
27,火炮,铲子,0
27,火炮,雪怪蟹,0
27,火炮,靴里剑,0
27,火炮,飞鱼,0
27,火炮,食人鱼,0
27,火炮,马龙鱼,0
27,火炮,鱼饵,0
27,火炮,鲨齿爪,0
27,火炮,龙涎香,0
28,迷你弯刀,宠物石,0.48728193815596571
28,迷你弯刀,星图,0.35213562929506664
28,迷你弯刀,刺刀,0.27387125090082914
28,迷你弯刀,湿件战服,0.13434360998679415
28,迷你弯刀,鲨齿爪,0.11036819259653144
28,迷你弯刀,温馨海湾,0.0833856889573205
28,迷你弯刀,三花,0.072962477837655443
28,迷你弯刀,手里剑,0.06485553585569373
28,迷你弯刀,救生圈,0.058678818155151469
28,迷你弯刀,飞鱼,0.046325382754066946
28,迷你弯刀,舱底蠕虫,0.044145364742110865
28,迷你弯刀,手斧,0.040710184844483077
28,迷你弯刀,独角鲸,0.025268390593127427
28,迷你弯刀,靴里剑,0.023162691377033473
28,迷你弯刀,沙滩充气球,0.018530153101626781
28,迷你弯刀,珍珠,0.017372018532775105
28,迷你弯刀,珊瑚,0.016350135089670689
28,迷你弯刀,藏刃匕首,0.013897614826220086
28,迷你弯刀,铲子,0.013897614826220086
28,迷你弯刀,双管霰弹枪,0
28,迷你弯刀,填弹杆,0
28,迷你弯刀,左轮手枪,0
28,迷你弯刀,弯刀,0
28,迷你弯刀,弹簧刀,0
28,迷你弯刀,手雷,0
28,迷你弯刀,打火机,0
28,迷你弯刀,抓钩,0
28,迷你弯刀,木桶,0
28,迷你弯刀,步枪,0
28,迷你弯刀,武士刀,0
28,迷你弯刀,毒须鲶,0
28,迷你弯刀,水母,0
28,迷你弯刀,水草,0
28,迷你弯刀,流星索,0
28,迷你弯刀,海底热泉,0
28,迷你弯刀,海螺壳,0
28,迷你弯刀,淬锋钢,0
28,迷你弯刀,渔网,0
28,迷你弯刀,火炮,0
28,迷你弯刀,火药角,0
28,迷你弯刀,燃烧响炮,0
28,迷你弯刀,狼筅,0
28,迷你弯刀,珊瑚护甲,0
28,迷你弯刀,皮皮虾,0
28,迷你弯刀,绵鳚,0
28,迷你弯刀,葡萄弹,0
28,迷你弯刀,迷幻蝠鲼,0
28,迷你弯刀,钓鱼竿,0
28,迷你弯刀,雪怪蟹,0
28,迷你弯刀,食人鱼,0
28,迷你弯刀,马龙鱼,0
28,迷你弯刀,鱼饵,0
28,迷你弯刀,鹦鹉皮特,0
28,迷你弯刀,龙涎香,0
29,鹦鹉皮特,迷幻蝠鲼,0.38905889633830021
29,鹦鹉皮特,流星索,0.36589620496126674
29,鹦鹉皮特,手里剑,0.27795229652440168
29,鹦鹉皮特,皮皮虾,0.23407943403378534
29,鹦鹉皮特,毒须鲶,0.20697273619319925
29,鹦鹉皮特,渔网,0.13897614826220084
29,鹦鹉皮特,抓钩,0.092650765508133892
29,鹦鹉皮特,左轮手枪,0.055590459304880345
29,鹦鹉皮特,宠物石,0.027795229652440172
29,鹦鹉皮特,火炮,0.027795229652440172
29,鹦鹉皮特,燃烧响炮,0.023162691377033473
29,鹦鹉皮特,打火机,0.017372018532775105
29,鹦鹉皮特,三花,0
29,鹦鹉皮特,刺刀,0
29,鹦鹉皮特,双管霰弹枪,0
29,鹦鹉皮特,填弹杆,0
29,鹦鹉皮特,弯刀,0
29,鹦鹉皮特,弹簧刀,0
29,鹦鹉皮特,手斧,0
29,鹦鹉皮特,手雷,0
29,鹦鹉皮特,救生圈,0
29,鹦鹉皮特,星图,0
29,鹦鹉皮特,木桶,0
29,鹦鹉皮特,步枪,0
29,鹦鹉皮特,武士刀,0
29,鹦鹉皮特,水母,0
29,鹦鹉皮特,水草,0
29,鹦鹉皮特,沙滩充气球,0
29,鹦鹉皮特,海底热泉,0
29,鹦鹉皮特,海螺壳,0
29,鹦鹉皮特,淬锋钢,0
29,鹦鹉皮特,温馨海湾,0
29,鹦鹉皮特,湿件战服,0
29,鹦鹉皮特,火药角,0
29,鹦鹉皮特,独角鲸,0
29,鹦鹉皮特,狼筅,0
29,鹦鹉皮特,珊瑚,0
29,鹦鹉皮特,珊瑚护甲,0
29,鹦鹉皮特,珍珠,0
29,鹦鹉皮特,绵鳚,0
29,鹦鹉皮特,舱底蠕虫,0
29,鹦鹉皮特,葡萄弹,0
29,鹦鹉皮特,藏刃匕首,0
29,鹦鹉皮特,迷你弯刀,0
29,鹦鹉皮特,钓鱼竿,0
29,鹦鹉皮特,铲子,0
29,鹦鹉皮特,雪怪蟹,0
29,鹦鹉皮特,靴里剑,0
29,鹦鹉皮特,飞鱼,0
29,鹦鹉皮特,食人鱼,0
29,鹦鹉皮特,马龙鱼,0
29,鹦鹉皮特,鱼饵,0
29,鹦鹉皮特,鲨齿爪,0
29,鹦鹉皮特,龙涎香,0
30,藏刃匕首,沙滩充气球,0.50511211981488002
30,藏刃匕首,舱底蠕虫,0.24311247389300658
30,藏刃匕首,湿件战服,0.12710208724309521
30,藏刃匕首,星图,0.10809255975948955
30,藏刃匕首,宠物石,0.096511214070972809
30,藏刃匕首,救生圈,0.092650765508133892
30,藏刃匕首,木桶,0.052116055598325314
30,藏刃匕首,葡萄弹,0.037225753998803797
30,藏刃匕首,钓鱼竿,0.03474403706555021
30,藏刃匕首,填弹杆,0.0308835885027113
30,藏刃匕首,步枪,0.027795229652440172
30,藏刃匕首,水草,0.027795229652440172
30,藏刃匕首,手雷,0.023162691377033473
30,藏刃匕首,海底热泉,0.023162691377033473
30,藏刃匕首,珊瑚护甲,0.023162691377033473
30,藏刃匕首,龙涎香,0.023162691377033473
30,藏刃匕首,武士刀,0.02138094588649244
30,藏刃匕首,淬锋钢,0.02138094588649244
30,藏刃匕首,三花,0.019853735466028692
30,藏刃匕首,皮皮虾,0.019853735466028692
30,藏刃匕首,铲子,0.019853735466028692
30,藏刃匕首,雪怪蟹,0.019853735466028692
30,藏刃匕首,食人鱼,0.019853735466028692
30,藏刃匕首,海螺壳,0.018530153101626781
30,藏刃匕首,飞鱼,0.018530153101626781
30,藏刃匕首,迷幻蝠鲼,0.017372018532775105
30,藏刃匕首,狼筅,0.016350135089670689
30,藏刃匕首,鲨齿爪,0.016350135089670689
30,藏刃匕首,毒须鲶,0.01544179425135565
30,藏刃匕首,珍珠,0.01544179425135565
30,藏刃匕首,绵鳚,0.014629068238126404
30,藏刃匕首,双管霰弹枪,0.013897614826220086
30,藏刃匕首,刺刀,0
30,藏刃匕首,左轮手枪,0
30,藏刃匕首,弯刀,0
30,藏刃匕首,弹簧刀,0
30,藏刃匕首,手斧,0
30,藏刃匕首,手里剑,0
30,藏刃匕首,打火机,0
30,藏刃匕首,抓钩,0
30,藏刃匕首,水母,0
30,藏刃匕首,流星索,0
30,藏刃匕首,渔网,0
30,藏刃匕首,温馨海湾,0
30,藏刃匕首,火炮,0
30,藏刃匕首,火药角,0
30,藏刃匕首,燃烧响炮,0
30,藏刃匕首,独角鲸,0
30,藏刃匕首,珊瑚,0
30,藏刃匕首,迷你弯刀,0
30,藏刃匕首,靴里剑,0
30,藏刃匕首,马龙鱼,0
30,藏刃匕首,鱼饵,0
30,藏刃匕首,鹦鹉皮特,0
31,填弹杆,步枪,0.90758680055727159
31,填弹杆,手雷,0.68093800435872498
31,填弹杆,流星索,0.03474403706555021
31,填弹杆,三花,0
31,填弹杆,刺刀,0
31,填弹杆,双管霰弹枪,0
31,填弹杆,宠物石,0
31,填弹杆,左轮手枪,0
31,填弹杆,弯刀,0
31,填弹杆,弹簧刀,0
31,填弹杆,手斧,0
31,填弹杆,手里剑,0
31,填弹杆,打火机,0
31,填弹杆,抓钩,0
31,填弹杆,救生圈,0
31,填弹杆,星图,0
31,填弹杆,木桶,0
31,填弹杆,武士刀,0
31,填弹杆,毒须鲶,0
31,填弹杆,水母,0
31,填弹杆,水草,0
31,填弹杆,沙滩充气球,0
31,填弹杆,海底热泉,0
31,填弹杆,海螺壳,0
31,填弹杆,淬锋钢,0
31,填弹杆,渔网,0
31,填弹杆,温馨海湾,0
31,填弹杆,湿件战服,0
31,填弹杆,火炮,0
31,填弹杆,火药角,0
31,填弹杆,燃烧响炮,0
31,填弹杆,独角鲸,0
31,填弹杆,狼筅,0
31,填弹杆,珊瑚,0
31,填弹杆,珊瑚护甲,0
31,填弹杆,珍珠,0
31,填弹杆,皮皮虾,0
31,填弹杆,绵鳚,0
31,填弹杆,舱底蠕虫,0
31,填弹杆,葡萄弹,0
31,填弹杆,藏刃匕首,0
31,填弹杆,迷你弯刀,0
31,填弹杆,迷幻蝠鲼,0
31,填弹杆,钓鱼竿,0
31,填弹杆,铲子,0
31,填弹杆,雪怪蟹,0
31,填弹杆,靴里剑,0
31,填弹杆,飞鱼,0
31,填弹杆,食人鱼,0
31,填弹杆,马龙鱼,0
31,填弹杆,鱼饵,0
31,填弹杆,鲨齿爪,0
31,填弹杆,鹦鹉皮特,0
31,填弹杆,龙涎香,0
32,武士刀,弹簧刀,0.60368980929301941
32,武士刀,藏刃匕首,0.30883588502711296
32,武士刀,抓钩,0.13897614826220084
32,武士刀,刺刀,0.066893602627330143
32,武士刀,马龙鱼,0.025268390593127427
32,武士刀,淬锋钢,0.019853735466028692
32,武士刀,独角鲸,0.018530153101626781
32,武士刀,飞鱼,0.017372018532775105
32,武士刀,龙涎香,0.016350135089670689
32,武士刀,三花,0
32,武士刀,双管霰弹枪,0
32,武士刀,填弹杆,0
32,武士刀,宠物石,0
32,武士刀,左轮手枪,0
32,武士刀,弯刀,0
32,武士刀,手斧,0
32,武士刀,手里剑,0
32,武士刀,手雷,0
32,武士刀,打火机,0
32,武士刀,救生圈,0
32,武士刀,星图,0
32,武士刀,木桶,0
32,武士刀,步枪,0
32,武士刀,毒须鲶,0
32,武士刀,水母,0
32,武士刀,水草,0
32,武士刀,沙滩充气球,0
32,武士刀,流星索,0
32,武士刀,海底热泉,0
32,武士刀,海螺壳,0
32,武士刀,渔网,0
32,武士刀,温馨海湾,0
32,武士刀,湿件战服,0
32,武士刀,火炮,0
32,武士刀,火药角,0
32,武士刀,燃烧响炮,0
32,武士刀,狼筅,0
32,武士刀,珊瑚,0
32,武士刀,珊瑚护甲,0
32,武士刀,珍珠,0
32,武士刀,皮皮虾,0
32,武士刀,绵鳚,0
32,武士刀,舱底蠕虫,0
32,武士刀,葡萄弹,0
32,武士刀,迷你弯刀,0
32,武士刀,迷幻蝠鲼,0
32,武士刀,钓鱼竿,0
32,武士刀,铲子,0
32,武士刀,雪怪蟹,0
32,武士刀,靴里剑,0
32,武士刀,食人鱼,0
32,武士刀,鱼饵,0
32,武士刀,鲨齿爪,0
32,武士刀,鹦鹉皮特,0
33,珍珠,迷幻蝠鲼,0.131255251136523
33,珍珠,雪怪蟹,0.11791915610126132
33,珍珠,毒须鲶,0.10900090059780458
33,珍珠,水母,0.10727983374626029
33,珍珠,珊瑚,0.069488074131100419
33,珍珠,打火机,0.061546579944688949
33,珍珠,流星索,0.05226453438920374
33,珍珠,燃烧响炮,0.044781203328931388
33,珍珠,皮皮虾,0.044543637263525913
33,珍珠,鱼饵,0.044145364742110865
33,珍珠,温馨海湾,0.035902171634401889
33,珍珠,海底热泉,0.03474403706555021
33,珍珠,马龙鱼,0.0308835885027113
33,珍珠,木桶,0.027795229652440172
33,珍珠,救生圈,0.023162691377033473
33,珍珠,独角鲸,0.023162691377033473
33,珍珠,水草,0.02138094588649244
33,珍珠,绵鳚,0.019853735466028692
33,珍珠,渔网,0.017372018532775105
33,珍珠,鹦鹉皮特,0.016350135089670689
33,珍珠,食人鱼,0.01544179425135565
33,珍珠,海螺壳,0.014629068238126404
33,珍珠,珊瑚护甲,0.014629068238126404
33,珍珠,飞鱼,0.013897614826220086
33,珍珠,三花,0
33,珍珠,刺刀,0
33,珍珠,双管霰弹枪,0
33,珍珠,填弹杆,0
33,珍珠,宠物石,0
33,珍珠,左轮手枪,0
33,珍珠,弯刀,0
33,珍珠,弹簧刀,0
33,珍珠,手斧,0
33,珍珠,手里剑,0
33,珍珠,手雷,0
33,珍珠,抓钩,0
33,珍珠,星图,0
33,珍珠,步枪,0
33,珍珠,武士刀,0
33,珍珠,沙滩充气球,0
33,珍珠,淬锋钢,0
33,珍珠,湿件战服,0
33,珍珠,火炮,0
33,珍珠,火药角,0
33,珍珠,狼筅,0
33,珍珠,舱底蠕虫,0
33,珍珠,葡萄弹,0
33,珍珠,藏刃匕首,0
33,珍珠,迷你弯刀,0
33,珍珠,钓鱼竿,0
33,珍珠,铲子,0
33,珍珠,靴里剑,0
33,珍珠,鲨齿爪,0
33,珍珠,龙涎香,0
34,海底热泉,绵鳚,0.33592868719669083
34,海底热泉,燃烧响炮,0.30333547147329365
34,海底热泉,毒须鲶,0.27795229652440168
34,海底热泉,打火机,0.12972005530209607
34,海底热泉,宠物石,0.013897614826220086
34,海底热泉,三花,0
34,海底热泉,刺刀,0
34,海底热泉,双管霰弹枪,0
34,海底热泉,填弹杆,0
34,海底热泉,左轮手枪,0
34,海底热泉,弯刀,0
34,海底热泉,弹簧刀,0
34,海底热泉,手斧,0
34,海底热泉,手里剑,0
34,海底热泉,手雷,0
34,海底热泉,抓钩,0
34,海底热泉,救生圈,0
34,海底热泉,星图,0
34,海底热泉,木桶,0
34,海底热泉,步枪,0
34,海底热泉,武士刀,0
34,海底热泉,水母,0
34,海底热泉,水草,0
34,海底热泉,沙滩充气球,0
34,海底热泉,流星索,0
34,海底热泉,海螺壳,0
34,海底热泉,淬锋钢,0
34,海底热泉,渔网,0
34,海底热泉,温馨海湾,0
34,海底热泉,湿件战服,0
34,海底热泉,火炮,0
34,海底热泉,火药角,0
34,海底热泉,独角鲸,0
34,海底热泉,狼筅,0
34,海底热泉,珊瑚,0
34,海底热泉,珊瑚护甲,0
34,海底热泉,珍珠,0
34,海底热泉,皮皮虾,0
34,海底热泉,舱底蠕虫,0
34,海底热泉,葡萄弹,0
34,海底热泉,藏刃匕首,0
34,海底热泉,迷你弯刀,0
34,海底热泉,迷幻蝠鲼,0
34,海底热泉,钓鱼竿,0
34,海底热泉,铲子,0
34,海底热泉,雪怪蟹,0
34,海底热泉,靴里剑,0
34,海底热泉,飞鱼,0
34,海底热泉,食人鱼,0
34,海底热泉,马龙鱼,0
34,海底热泉,鱼饵,0
34,海底热泉,鲨齿爪,0
34,海底热泉,鹦鹉皮特,0
34,海底热泉,龙涎香,0
35,刺刀,武士刀,0.18851021553603003
35,刺刀,迷你弯刀,0.1830955604089313
35,刺刀,弹簧刀,0.166771377914641
35,刺刀,鲨齿爪,0.14162331299100467
35,刺刀,手斧,0.13897614826220084
35,刺刀,宠物石,0.092650765508133892
35,刺刀,靴里剑,0.051094172155220899
35,刺刀,独角鲸,0.017372018532775105
35,刺刀,双管霰弹枪,0.016350135089670689
35,刺刀,三花,0
35,刺刀,填弹杆,0
35,刺刀,左轮手枪,0
35,刺刀,弯刀,0
35,刺刀,手里剑,0
35,刺刀,手雷,0
35,刺刀,打火机,0
35,刺刀,抓钩,0
35,刺刀,救生圈,0
35,刺刀,星图,0
35,刺刀,木桶,0
35,刺刀,步枪,0
35,刺刀,毒须鲶,0
35,刺刀,水母,0
35,刺刀,水草,0
35,刺刀,沙滩充气球,0
35,刺刀,流星索,0
35,刺刀,海底热泉,0
35,刺刀,海螺壳,0
35,刺刀,淬锋钢,0
35,刺刀,渔网,0
35,刺刀,温馨海湾,0
35,刺刀,湿件战服,0
35,刺刀,火炮,0
35,刺刀,火药角,0
35,刺刀,燃烧响炮,0
35,刺刀,狼筅,0
35,刺刀,珊瑚,0
35,刺刀,珊瑚护甲,0
35,刺刀,珍珠,0
35,刺刀,皮皮虾,0
35,刺刀,绵鳚,0
35,刺刀,舱底蠕虫,0
35,刺刀,葡萄弹,0
35,刺刀,藏刃匕首,0
35,刺刀,迷幻蝠鲼,0
35,刺刀,钓鱼竿,0
35,刺刀,铲子,0
35,刺刀,雪怪蟹,0
35,刺刀,飞鱼,0
35,刺刀,食人鱼,0
35,刺刀,马龙鱼,0
35,刺刀,鱼饵,0
35,刺刀,鹦鹉皮特,0
35,刺刀,龙涎香,0
36,救生圈,火药角,0.38797508056531066
36,救生圈,马龙鱼,0.31269633358995186
36,救生圈,鹦鹉皮特,0.069488074131100419
36,救生圈,火炮,0.055590459304880345
36,救生圈,双管霰弹枪,0.039707470932057384
36,救生圈,弹簧刀,0.025268390593127427
36,救生圈,淬锋钢,0.025268390593127427
36,救生圈,打火机,0.017372018532775105
36,救生圈,弯刀,0.01544179425135565
36,救生圈,葡萄弹,0.014629068238126404
36,救生圈,三花,0
36,救生圈,刺刀,0
36,救生圈,填弹杆,0
36,救生圈,宠物石,0
36,救生圈,左轮手枪,0
36,救生圈,手斧,0
36,救生圈,手里剑,0
36,救生圈,手雷,0
36,救生圈,抓钩,0
36,救生圈,星图,0
36,救生圈,木桶,0
36,救生圈,步枪,0
36,救生圈,武士刀,0
36,救生圈,毒须鲶,0
36,救生圈,水母,0
36,救生圈,水草,0
36,救生圈,沙滩充气球,0
36,救生圈,流星索,0
36,救生圈,海底热泉,0
36,救生圈,海螺壳,0
36,救生圈,渔网,0
36,救生圈,温馨海湾,0
36,救生圈,湿件战服,0
36,救生圈,燃烧响炮,0
36,救生圈,独角鲸,0
36,救生圈,狼筅,0
36,救生圈,珊瑚,0
36,救生圈,珊瑚护甲,0
36,救生圈,珍珠,0
36,救生圈,皮皮虾,0
36,救生圈,绵鳚,0
36,救生圈,舱底蠕虫,0
36,救生圈,藏刃匕首,0
36,救生圈,迷你弯刀,0
36,救生圈,迷幻蝠鲼,0
36,救生圈,钓鱼竿,0
36,救生圈,铲子,0
36,救生圈,雪怪蟹,0
36,救生圈,靴里剑,0
36,救生圈,飞鱼,0
36,救生圈,食人鱼,0
36,救生圈,鱼饵,0
36,救生圈,鲨齿爪,0
36,救生圈,龙涎香,0
37,抓钩,流星索,0.069488074131100419
37,抓钩,渔网,0.069488074131100419
37,抓钩,皮皮虾,0.060148678784424897
37,抓钩,手雷,0.0530636202455676
37,抓钩,鲨齿爪,0.0530636202455676
37,抓钩,迷幻蝠鲼,0.047648965118468861
37,抓钩,靴里剑,0.037225753998803797
37,抓钩,三花,0.03474403706555021
37,抓钩,手斧,0.0308835885027113
37,抓钩,葡萄弹,0.0308835885027113
37,抓钩,飞鱼,0.0308835885027113
37,抓钩,步枪,0.029339409077575734
37,抓钩,填弹杆,0.023162691377033473
37,抓钩,弯刀,0.023162691377033473
37,抓钩,迷你弯刀,0.02138094588649244
37,抓钩,海底热泉,0.017372018532775105
37,抓钩,左轮手枪,0.016350135089670689
37,抓钩,水母,0.016350135089670689
37,抓钩,弹簧刀,0.014629068238126404
37,抓钩,沙滩充气球,0.013897614826220086
37,抓钩,刺刀,0
37,抓钩,双管霰弹枪,0
37,抓钩,宠物石,0
37,抓钩,手里剑,0
37,抓钩,打火机,0
37,抓钩,救生圈,0
37,抓钩,星图,0
37,抓钩,木桶,0
37,抓钩,武士刀,0
37,抓钩,毒须鲶,0
37,抓钩,水草,0
37,抓钩,海螺壳,0
37,抓钩,淬锋钢,0
37,抓钩,温馨海湾,0
37,抓钩,湿件战服,0
37,抓钩,火炮,0
37,抓钩,火药角,0
37,抓钩,燃烧响炮,0
37,抓钩,独角鲸,0
37,抓钩,狼筅,0
37,抓钩,珊瑚,0
37,抓钩,珊瑚护甲,0
37,抓钩,珍珠,0
37,抓钩,绵鳚,0
37,抓钩,舱底蠕虫,0
37,抓钩,藏刃匕首,0
37,抓钩,钓鱼竿,0
37,抓钩,铲子,0
37,抓钩,雪怪蟹,0
37,抓钩,食人鱼,0
37,抓钩,马龙鱼,0
37,抓钩,鱼饵,0
37,抓钩,鹦鹉皮特,0
37,抓钩,龙涎香,0
38,沙滩充气球,淬锋钢,0.17868361919425824
38,沙滩充气球,星图,0.13897614826220084
38,沙滩充气球,马龙鱼,0.092650765508133892
38,沙滩充气球,木桶,0.03474403706555021
38,沙滩充气球,钓鱼竿,0.017372018532775105
38,沙滩充气球,三花,0
38,沙滩充气球,刺刀,0
38,沙滩充气球,双管霰弹枪,0
38,沙滩充气球,填弹杆,0
38,沙滩充气球,宠物石,0
38,沙滩充气球,左轮手枪,0
38,沙滩充气球,弯刀,0
38,沙滩充气球,弹簧刀,0
38,沙滩充气球,手斧,0
38,沙滩充气球,手里剑,0
38,沙滩充气球,手雷,0
38,沙滩充气球,打火机,0
38,沙滩充气球,抓钩,0
38,沙滩充气球,救生圈,0
38,沙滩充气球,步枪,0
38,沙滩充气球,武士刀,0
38,沙滩充气球,毒须鲶,0
38,沙滩充气球,水母,0
38,沙滩充气球,水草,0
38,沙滩充气球,流星索,0
38,沙滩充气球,海底热泉,0
38,沙滩充气球,海螺壳,0
38,沙滩充气球,渔网,0
38,沙滩充气球,温馨海湾,0
38,沙滩充气球,湿件战服,0
38,沙滩充气球,火炮,0
38,沙滩充气球,火药角,0
38,沙滩充气球,燃烧响炮,0
38,沙滩充气球,独角鲸,0
38,沙滩充气球,狼筅,0
38,沙滩充气球,珊瑚,0
38,沙滩充气球,珊瑚护甲,0
38,沙滩充气球,珍珠,0
38,沙滩充气球,皮皮虾,0
38,沙滩充气球,绵鳚,0
38,沙滩充气球,舱底蠕虫,0
38,沙滩充气球,葡萄弹,0
38,沙滩充气球,藏刃匕首,0
38,沙滩充气球,迷你弯刀,0
38,沙滩充气球,迷幻蝠鲼,0
38,沙滩充气球,铲子,0
38,沙滩充气球,雪怪蟹,0
38,沙滩充气球,靴里剑,0
38,沙滩充气球,飞鱼,0
38,沙滩充气球,食人鱼,0
38,沙滩充气球,鱼饵,0
38,沙滩充气球,鲨齿爪,0
38,沙滩充气球,鹦鹉皮特,0
38,沙滩充气球,龙涎香,0
39,鱼饵,海螺壳,0.11182574078728982
39,鱼饵,珊瑚护甲,0.041618525682798113
39,鱼饵,木桶,0.039897458831253833
39,鱼饵,水母,0.03474403706555021
39,鱼饵,雪怪蟹,0.027795229652440172
39,鱼饵,钓鱼竿,0.023162691377033473
39,鱼饵,湿件战服,0.019853735466028692
39,鱼饵,毒须鲶,0.018530153101626781
39,鱼饵,珊瑚,0.018530153101626781
39,鱼饵,迷幻蝠鲼,0.018530153101626781
39,鱼饵,救生圈,0.017372018532775105
39,鱼饵,流星索,0.01544179425135565
39,鱼饵,三花,0
39,鱼饵,刺刀,0
39,鱼饵,双管霰弹枪,0
39,鱼饵,填弹杆,0
39,鱼饵,宠物石,0
39,鱼饵,左轮手枪,0
39,鱼饵,弯刀,0
39,鱼饵,弹簧刀,0
39,鱼饵,手斧,0
39,鱼饵,手里剑,0
39,鱼饵,手雷,0
39,鱼饵,打火机,0
39,鱼饵,抓钩,0
39,鱼饵,星图,0
39,鱼饵,步枪,0
39,鱼饵,武士刀,0
39,鱼饵,水草,0
39,鱼饵,沙滩充气球,0
39,鱼饵,海底热泉,0
39,鱼饵,淬锋钢,0
39,鱼饵,渔网,0
39,鱼饵,温馨海湾,0
39,鱼饵,火炮,0
39,鱼饵,火药角,0
39,鱼饵,燃烧响炮,0
39,鱼饵,独角鲸,0
39,鱼饵,狼筅,0
39,鱼饵,珍珠,0
39,鱼饵,皮皮虾,0
39,鱼饵,绵鳚,0
39,鱼饵,舱底蠕虫,0
39,鱼饵,葡萄弹,0
39,鱼饵,藏刃匕首,0
39,鱼饵,迷你弯刀,0
39,鱼饵,铲子,0
39,鱼饵,靴里剑,0
39,鱼饵,飞鱼,0
39,鱼饵,食人鱼,0
39,鱼饵,马龙鱼,0
39,鱼饵,鲨齿爪,0
39,鱼饵,鹦鹉皮特,0
39,鱼饵,龙涎香,0
40,木桶,弯刀,0.06485553585569373
40,木桶,珊瑚,0.055590459304880345
40,木桶,武士刀,0.042424297890566579
40,木桶,双管霰弹枪,0.023162691377033473
40,木桶,手雷,0.02138094588649244
40,木桶,鱼饵,0.017372018532775105
40,木桶,三花,0
40,木桶,刺刀,0
40,木桶,填弹杆,0
40,木桶,宠物石,0
40,木桶,左轮手枪,0
40,木桶,弹簧刀,0
40,木桶,手斧,0
40,木桶,手里剑,0
40,木桶,打火机,0
40,木桶,抓钩,0
40,木桶,救生圈,0
40,木桶,星图,0
40,木桶,步枪,0
40,木桶,毒须鲶,0
40,木桶,水母,0
40,木桶,水草,0
40,木桶,沙滩充气球,0
40,木桶,流星索,0
40,木桶,海底热泉,0
40,木桶,海螺壳,0
40,木桶,淬锋钢,0
40,木桶,渔网,0
40,木桶,温馨海湾,0
40,木桶,湿件战服,0
40,木桶,火炮,0
40,木桶,火药角,0
40,木桶,燃烧响炮,0
40,木桶,独角鲸,0
40,木桶,狼筅,0
40,木桶,珊瑚护甲,0
40,木桶,珍珠,0
40,木桶,皮皮虾,0
40,木桶,绵鳚,0
40,木桶,舱底蠕虫,0
40,木桶,葡萄弹,0
40,木桶,藏刃匕首,0
40,木桶,迷你弯刀,0
40,木桶,迷幻蝠鲼,0
40,木桶,钓鱼竿,0
40,木桶,铲子,0
40,木桶,雪怪蟹,0
40,木桶,靴里剑,0
40,木桶,飞鱼,0
40,木桶,食人鱼,0
40,木桶,马龙鱼,0
40,木桶,鲨齿爪,0
40,木桶,鹦鹉皮特,0
40,木桶,龙涎香,0
41,龙涎香,毒须鲶,0.03474403706555021
41,龙涎香,雪怪蟹,0.0308835885027113
41,龙涎香,水母,0.025268390593127427
41,龙涎香,木桶,0.023162691377033473
41,龙涎香,海底热泉,0.02138094588649244
41,龙涎香,海螺壳,0.02138094588649244
41,龙涎香,钓鱼竿,0.019853735466028692
41,龙涎香,打火机,0.01544179425135565
41,龙涎香,三花,0
41,龙涎香,刺刀,0
41,龙涎香,双管霰弹枪,0
41,龙涎香,填弹杆,0
41,龙涎香,宠物石,0
41,龙涎香,左轮手枪,0
41,龙涎香,弯刀,0
41,龙涎香,弹簧刀,0
41,龙涎香,手斧,0
41,龙涎香,手里剑,0
41,龙涎香,手雷,0
41,龙涎香,抓钩,0
41,龙涎香,救生圈,0
41,龙涎香,星图,0
41,龙涎香,步枪,0
41,龙涎香,武士刀,0
41,龙涎香,水草,0
41,龙涎香,沙滩充气球,0
41,龙涎香,流星索,0
41,龙涎香,淬锋钢,0
41,龙涎香,渔网,0
41,龙涎香,温馨海湾,0
41,龙涎香,湿件战服,0
41,龙涎香,火炮,0
41,龙涎香,火药角,0
41,龙涎香,燃烧响炮,0
41,龙涎香,独角鲸,0
41,龙涎香,狼筅,0
41,龙涎香,珊瑚,0
41,龙涎香,珊瑚护甲,0
41,龙涎香,珍珠,0
41,龙涎香,皮皮虾,0
41,龙涎香,绵鳚,0
41,龙涎香,舱底蠕虫,0
41,龙涎香,葡萄弹,0
41,龙涎香,藏刃匕首,0
41,龙涎香,迷你弯刀,0
41,龙涎香,迷幻蝠鲼,0
41,龙涎香,铲子,0
41,龙涎香,靴里剑,0
41,龙涎香,飞鱼,0
41,龙涎香,食人鱼,0
41,龙涎香,马龙鱼,0
41,龙涎香,鱼饵,0
41,龙涎香,鲨齿爪,0
41,龙涎香,鹦鹉皮特,0
42,钓鱼竿,珊瑚护甲,0.14182694104706653
42,钓鱼竿,木桶,0.01544179425135565
42,钓鱼竿,鱼饵,0.014629068238126404
42,钓鱼竿,三花,0
42,钓鱼竿,刺刀,0
42,钓鱼竿,双管霰弹枪,0
42,钓鱼竿,填弹杆,0
42,钓鱼竿,宠物石,0
42,钓鱼竿,左轮手枪,0
42,钓鱼竿,弯刀,0
42,钓鱼竿,弹簧刀,0
42,钓鱼竿,手斧,0
42,钓鱼竿,手里剑,0
42,钓鱼竿,手雷,0
42,钓鱼竿,打火机,0
42,钓鱼竿,抓钩,0
42,钓鱼竿,救生圈,0
42,钓鱼竿,星图,0
42,钓鱼竿,步枪,0
42,钓鱼竿,武士刀,0
42,钓鱼竿,毒须鲶,0
42,钓鱼竿,水母,0
42,钓鱼竿,水草,0
42,钓鱼竿,沙滩充气球,0
42,钓鱼竿,流星索,0
42,钓鱼竿,海底热泉,0
42,钓鱼竿,海螺壳,0
42,钓鱼竿,淬锋钢,0
42,钓鱼竿,渔网,0
42,钓鱼竿,温馨海湾,0
42,钓鱼竿,湿件战服,0
42,钓鱼竿,火炮,0
42,钓鱼竿,火药角,0
42,钓鱼竿,燃烧响炮,0
42,钓鱼竿,独角鲸,0
42,钓鱼竿,狼筅,0
42,钓鱼竿,珊瑚,0
42,钓鱼竿,珍珠,0
42,钓鱼竿,皮皮虾,0
42,钓鱼竿,绵鳚,0
42,钓鱼竿,舱底蠕虫,0
42,钓鱼竿,葡萄弹,0
42,钓鱼竿,藏刃匕首,0
42,钓鱼竿,迷你弯刀,0
42,钓鱼竿,迷幻蝠鲼,0
42,钓鱼竿,铲子,0
42,钓鱼竿,雪怪蟹,0
42,钓鱼竿,靴里剑,0
42,钓鱼竿,飞鱼,0
42,钓鱼竿,食人鱼,0
42,钓鱼竿,马龙鱼,0
42,钓鱼竿,鲨齿爪,0
42,钓鱼竿,鹦鹉皮特,0
42,钓鱼竿,龙涎香,0
43,三花,靴里剑,0.028526683064346491
43,三花,手斧,0.023162691377033473
43,三花,迷你弯刀,0.023162691377033473
43,三花,刺刀,0.019853735466028692
43,三花,鲨齿爪,0.017372018532775105
43,三花,海底热泉,0.013897614826220086
43,三花,双管霰弹枪,0
43,三花,填弹杆,0
43,三花,宠物石,0
43,三花,左轮手枪,0
43,三花,弯刀,0
43,三花,弹簧刀,0
43,三花,手里剑,0
43,三花,手雷,0
43,三花,打火机,0
43,三花,抓钩,0
43,三花,救生圈,0
43,三花,星图,0
43,三花,木桶,0
43,三花,步枪,0
43,三花,武士刀,0
43,三花,毒须鲶,0
43,三花,水母,0
43,三花,水草,0
43,三花,沙滩充气球,0
43,三花,流星索,0
43,三花,海螺壳,0
43,三花,淬锋钢,0
43,三花,渔网,0
43,三花,温馨海湾,0
43,三花,湿件战服,0
43,三花,火炮,0
43,三花,火药角,0
43,三花,燃烧响炮,0
43,三花,独角鲸,0
43,三花,狼筅,0
43,三花,珊瑚,0
43,三花,珊瑚护甲,0
43,三花,珍珠,0
43,三花,皮皮虾,0
43,三花,绵鳚,0
43,三花,舱底蠕虫,0
43,三花,葡萄弹,0
43,三花,藏刃匕首,0
43,三花,迷幻蝠鲼,0
43,三花,钓鱼竿,0
43,三花,铲子,0
43,三花,雪怪蟹,0
43,三花,飞鱼,0
43,三花,食人鱼,0
43,三花,马龙鱼,0
43,三花,鱼饵,0
43,三花,鹦鹉皮特,0
43,三花,龙涎香,0
44,珊瑚护甲,星图,0.025268390593127427
44,珊瑚护甲,双管霰弹枪,0.02138094588649244
44,珊瑚护甲,弯刀,0.019853735466028692
44,珊瑚护甲,三花,0
44,珊瑚护甲,刺刀,0
44,珊瑚护甲,填弹杆,0
44,珊瑚护甲,宠物石,0
44,珊瑚护甲,左轮手枪,0
44,珊瑚护甲,弹簧刀,0
44,珊瑚护甲,手斧,0
44,珊瑚护甲,手里剑,0
44,珊瑚护甲,手雷,0
44,珊瑚护甲,打火机,0
44,珊瑚护甲,抓钩,0
44,珊瑚护甲,救生圈,0
44,珊瑚护甲,木桶,0
44,珊瑚护甲,步枪,0
44,珊瑚护甲,武士刀,0
44,珊瑚护甲,毒须鲶,0
44,珊瑚护甲,水母,0
44,珊瑚护甲,水草,0
44,珊瑚护甲,沙滩充气球,0
44,珊瑚护甲,流星索,0
44,珊瑚护甲,海底热泉,0
44,珊瑚护甲,海螺壳,0
44,珊瑚护甲,淬锋钢,0
44,珊瑚护甲,渔网,0
44,珊瑚护甲,温馨海湾,0
44,珊瑚护甲,湿件战服,0
44,珊瑚护甲,火炮,0
44,珊瑚护甲,火药角,0
44,珊瑚护甲,燃烧响炮,0
44,珊瑚护甲,独角鲸,0
44,珊瑚护甲,狼筅,0
44,珊瑚护甲,珊瑚,0
44,珊瑚护甲,珍珠,0
44,珊瑚护甲,皮皮虾,0
44,珊瑚护甲,绵鳚,0
44,珊瑚护甲,舱底蠕虫,0
44,珊瑚护甲,葡萄弹,0
44,珊瑚护甲,藏刃匕首,0
44,珊瑚护甲,迷你弯刀,0
44,珊瑚护甲,迷幻蝠鲼,0
44,珊瑚护甲,钓鱼竿,0
44,珊瑚护甲,铲子,0
44,珊瑚护甲,雪怪蟹,0
44,珊瑚护甲,靴里剑,0
44,珊瑚护甲,飞鱼,0
44,珊瑚护甲,食人鱼,0
44,珊瑚护甲,马龙鱼,0
44,珊瑚护甲,鱼饵,0
44,珊瑚护甲,鲨齿爪,0
44,珊瑚护甲,鹦鹉皮特,0
44,珊瑚护甲,龙涎香,0
45,食人鱼,雪怪蟹,0.018530153101626781
45,食人鱼,飞鱼,0.016350135089670689
45,食人鱼,流星索,0.014629068238126404
45,食人鱼,渔网,0.013897614826220086
45,食人鱼,三花,0
45,食人鱼,刺刀,0
45,食人鱼,双管霰弹枪,0
45,食人鱼,填弹杆,0
45,食人鱼,宠物石,0
45,食人鱼,左轮手枪,0
45,食人鱼,弯刀,0
45,食人鱼,弹簧刀,0
45,食人鱼,手斧,0
45,食人鱼,手里剑,0
45,食人鱼,手雷,0
45,食人鱼,打火机,0
45,食人鱼,抓钩,0
45,食人鱼,救生圈,0
45,食人鱼,星图,0
45,食人鱼,木桶,0
45,食人鱼,步枪,0
45,食人鱼,武士刀,0
45,食人鱼,毒须鲶,0
45,食人鱼,水母,0
45,食人鱼,水草,0
45,食人鱼,沙滩充气球,0
45,食人鱼,海底热泉,0
45,食人鱼,海螺壳,0
45,食人鱼,淬锋钢,0
45,食人鱼,温馨海湾,0
45,食人鱼,湿件战服,0
45,食人鱼,火炮,0
45,食人鱼,火药角,0
45,食人鱼,燃烧响炮,0
45,食人鱼,独角鲸,0
45,食人鱼,狼筅,0
45,食人鱼,珊瑚,0
45,食人鱼,珊瑚护甲,0
45,食人鱼,珍珠,0
45,食人鱼,皮皮虾,0
45,食人鱼,绵鳚,0
45,食人鱼,舱底蠕虫,0
45,食人鱼,葡萄弹,0
45,食人鱼,藏刃匕首,0
45,食人鱼,迷你弯刀,0
45,食人鱼,迷幻蝠鲼,0
45,食人鱼,钓鱼竿,0
45,食人鱼,铲子,0
45,食人鱼,靴里剑,0
45,食人鱼,马龙鱼,0
45,食人鱼,鱼饵,0
45,食人鱼,鲨齿爪,0
45,食人鱼,鹦鹉皮特,0
45,食人鱼,龙涎香,0
46,宠物石,三花,0.0308835885027113
46,宠物石,手雷,0.019853735466028692
46,宠物石,刺刀,0
46,宠物石,双管霰弹枪,0
46,宠物石,填弹杆,0
46,宠物石,左轮手枪,0
46,宠物石,弯刀,0
46,宠物石,弹簧刀,0
46,宠物石,手斧,0
46,宠物石,手里剑,0
46,宠物石,打火机,0
46,宠物石,抓钩,0
46,宠物石,救生圈,0
46,宠物石,星图,0
46,宠物石,木桶,0
46,宠物石,步枪,0
46,宠物石,武士刀,0
46,宠物石,毒须鲶,0
46,宠物石,水母,0
46,宠物石,水草,0
46,宠物石,沙滩充气球,0
46,宠物石,流星索,0
46,宠物石,海底热泉,0
46,宠物石,海螺壳,0
46,宠物石,淬锋钢,0
46,宠物石,渔网,0
46,宠物石,温馨海湾,0
46,宠物石,湿件战服,0
46,宠物石,火炮,0
46,宠物石,火药角,0
46,宠物石,燃烧响炮,0
46,宠物石,独角鲸,0
46,宠物石,狼筅,0
46,宠物石,珊瑚,0
46,宠物石,珊瑚护甲,0
46,宠物石,珍珠,0
46,宠物石,皮皮虾,0
46,宠物石,绵鳚,0
46,宠物石,舱底蠕虫,0
46,宠物石,葡萄弹,0
46,宠物石,藏刃匕首,0
46,宠物石,迷你弯刀,0
46,宠物石,迷幻蝠鲼,0
46,宠物石,钓鱼竿,0
46,宠物石,铲子,0
46,宠物石,雪怪蟹,0
46,宠物石,靴里剑,0
46,宠物石,飞鱼,0
46,宠物石,食人鱼,0
46,宠物石,马龙鱼,0
46,宠物石,鱼饵,0
46,宠物石,鲨齿爪,0
46,宠物石,鹦鹉皮特,0
46,宠物石,龙涎香,0
47,湿件战服,左轮手枪,0.02138094588649244
47,湿件战服,迷你弯刀,0.013897614826220086
47,湿件战服,三花,0
47,湿件战服,刺刀,0
47,湿件战服,双管霰弹枪,0
47,湿件战服,填弹杆,0
47,湿件战服,宠物石,0
47,湿件战服,弯刀,0
47,湿件战服,弹簧刀,0
47,湿件战服,手斧,0
47,湿件战服,手里剑,0
47,湿件战服,手雷,0
47,湿件战服,打火机,0
47,湿件战服,抓钩,0
47,湿件战服,救生圈,0
47,湿件战服,星图,0
47,湿件战服,木桶,0
47,湿件战服,步枪,0
47,湿件战服,武士刀,0
47,湿件战服,毒须鲶,0
47,湿件战服,水母,0
47,湿件战服,水草,0
47,湿件战服,沙滩充气球,0
47,湿件战服,流星索,0
47,湿件战服,海底热泉,0
47,湿件战服,海螺壳,0
47,湿件战服,淬锋钢,0
47,湿件战服,渔网,0
47,湿件战服,温馨海湾,0
47,湿件战服,火炮,0
47,湿件战服,火药角,0
47,湿件战服,燃烧响炮,0
47,湿件战服,独角鲸,0
47,湿件战服,狼筅,0
47,湿件战服,珊瑚,0
47,湿件战服,珊瑚护甲,0
47,湿件战服,珍珠,0
47,湿件战服,皮皮虾,0
47,湿件战服,绵鳚,0
47,湿件战服,舱底蠕虫,0
47,湿件战服,葡萄弹,0
47,湿件战服,藏刃匕首,0
47,湿件战服,迷幻蝠鲼,0
47,湿件战服,钓鱼竿,0
47,湿件战服,铲子,0
47,湿件战服,雪怪蟹,0
47,湿件战服,靴里剑,0
47,湿件战服,飞鱼,0
47,湿件战服,食人鱼,0
47,湿件战服,马龙鱼,0
47,湿件战服,鱼饵,0
47,湿件战服,鲨齿爪,0
47,湿件战服,鹦鹉皮特,0
47,湿件战服,龙涎香,0
48,双管霰弹枪,三花,0
48,双管霰弹枪,刺刀,0
48,双管霰弹枪,填弹杆,0
48,双管霰弹枪,宠物石,0
48,双管霰弹枪,左轮手枪,0
48,双管霰弹枪,弯刀,0
48,双管霰弹枪,弹簧刀,0
48,双管霰弹枪,手斧,0
48,双管霰弹枪,手里剑,0
48,双管霰弹枪,手雷,0
48,双管霰弹枪,打火机,0
48,双管霰弹枪,抓钩,0
48,双管霰弹枪,救生圈,0
48,双管霰弹枪,星图,0
48,双管霰弹枪,木桶,0
48,双管霰弹枪,步枪,0
48,双管霰弹枪,武士刀,0
48,双管霰弹枪,毒须鲶,0
48,双管霰弹枪,水母,0
48,双管霰弹枪,水草,0
48,双管霰弹枪,沙滩充气球,0
48,双管霰弹枪,流星索,0
48,双管霰弹枪,海底热泉,0
48,双管霰弹枪,海螺壳,0
48,双管霰弹枪,淬锋钢,0
48,双管霰弹枪,渔网,0
48,双管霰弹枪,温馨海湾,0
48,双管霰弹枪,湿件战服,0
48,双管霰弹枪,火炮,0
48,双管霰弹枪,火药角,0
48,双管霰弹枪,燃烧响炮,0
48,双管霰弹枪,独角鲸,0
48,双管霰弹枪,狼筅,0
48,双管霰弹枪,珊瑚,0
48,双管霰弹枪,珊瑚护甲,0
48,双管霰弹枪,珍珠,0
48,双管霰弹枪,皮皮虾,0
48,双管霰弹枪,绵鳚,0
48,双管霰弹枪,舱底蠕虫,0
48,双管霰弹枪,葡萄弹,0
48,双管霰弹枪,藏刃匕首,0
48,双管霰弹枪,迷你弯刀,0
48,双管霰弹枪,迷幻蝠鲼,0
48,双管霰弹枪,钓鱼竿,0
48,双管霰弹枪,铲子,0
48,双管霰弹枪,雪怪蟹,0
48,双管霰弹枪,靴里剑,0
48,双管霰弹枪,飞鱼,0
48,双管霰弹枪,食人鱼,0
48,双管霰弹枪,马龙鱼,0
48,双管霰弹枪,鱼饵,0
48,双管霰弹枪,鲨齿爪,0
48,双管霰弹枪,鹦鹉皮特,0
48,双管霰弹枪,龙涎香,0
48,弯刀,三花,0
48,弯刀,刺刀,0
48,弯刀,双管霰弹枪,0
48,弯刀,填弹杆,0
48,弯刀,宠物石,0
48,弯刀,左轮手枪,0
48,弯刀,弹簧刀,0
48,弯刀,手斧,0
48,弯刀,手里剑,0
48,弯刀,手雷,0
48,弯刀,打火机,0
48,弯刀,抓钩,0
48,弯刀,救生圈,0
48,弯刀,星图,0
48,弯刀,木桶,0
48,弯刀,步枪,0
48,弯刀,武士刀,0
48,弯刀,毒须鲶,0
48,弯刀,水母,0
48,弯刀,水草,0
48,弯刀,沙滩充气球,0
48,弯刀,流星索,0
48,弯刀,海底热泉,0
48,弯刀,海螺壳,0
48,弯刀,淬锋钢,0
48,弯刀,渔网,0
48,弯刀,温馨海湾,0
48,弯刀,湿件战服,0
48,弯刀,火炮,0
48,弯刀,火药角,0
48,弯刀,燃烧响炮,0
48,弯刀,独角鲸,0
48,弯刀,狼筅,0
48,弯刀,珊瑚,0
48,弯刀,珊瑚护甲,0
48,弯刀,珍珠,0
48,弯刀,皮皮虾,0
48,弯刀,绵鳚,0
48,弯刀,舱底蠕虫,0
48,弯刀,葡萄弹,0
48,弯刀,藏刃匕首,0
48,弯刀,迷你弯刀,0
48,弯刀,迷幻蝠鲼,0
48,弯刀,钓鱼竿,0
48,弯刀,铲子,0
48,弯刀,雪怪蟹,0
48,弯刀,靴里剑,0
48,弯刀,飞鱼,0
48,弯刀,食人鱼,0
48,弯刀,马龙鱼,0
48,弯刀,鱼饵,0
48,弯刀,鲨齿爪,0
48,弯刀,鹦鹉皮特,0
48,弯刀,龙涎香,0
48,手里剑,三花,0
48,手里剑,刺刀,0
48,手里剑,双管霰弹枪,0
48,手里剑,填弹杆,0
48,手里剑,宠物石,0
48,手里剑,左轮手枪,0
48,手里剑,弯刀,0
48,手里剑,弹簧刀,0
48,手里剑,手斧,0
48,手里剑,手雷,0
48,手里剑,打火机,0
48,手里剑,抓钩,0
48,手里剑,救生圈,0
48,手里剑,星图,0
48,手里剑,木桶,0
48,手里剑,步枪,0
48,手里剑,武士刀,0
48,手里剑,毒须鲶,0
48,手里剑,水母,0
48,手里剑,水草,0
48,手里剑,沙滩充气球,0
48,手里剑,流星索,0
48,手里剑,海底热泉,0
48,手里剑,海螺壳,0
48,手里剑,淬锋钢,0
48,手里剑,渔网,0
48,手里剑,温馨海湾,0
48,手里剑,湿件战服,0
48,手里剑,火炮,0
48,手里剑,火药角,0
48,手里剑,燃烧响炮,0
48,手里剑,独角鲸,0
48,手里剑,狼筅,0
48,手里剑,珊瑚,0
48,手里剑,珊瑚护甲,0
48,手里剑,珍珠,0
48,手里剑,皮皮虾,0
48,手里剑,绵鳚,0
48,手里剑,舱底蠕虫,0
48,手里剑,葡萄弹,0
48,手里剑,藏刃匕首,0
48,手里剑,迷你弯刀,0
48,手里剑,迷幻蝠鲼,0
48,手里剑,钓鱼竿,0
48,手里剑,铲子,0
48,手里剑,雪怪蟹,0
48,手里剑,靴里剑,0
48,手里剑,飞鱼,0
48,手里剑,食人鱼,0
48,手里剑,马龙鱼,0
48,手里剑,鱼饵,0
48,手里剑,鲨齿爪,0
48,手里剑,鹦鹉皮特,0
48,手里剑,龙涎香,0
48,星图,三花,0
48,星图,刺刀,0
48,星图,双管霰弹枪,0
48,星图,填弹杆,0
48,星图,宠物石,0
48,星图,左轮手枪,0
48,星图,弯刀,0
48,星图,弹簧刀,0
48,星图,手斧,0
48,星图,手里剑,0
48,星图,手雷,0
48,星图,打火机,0
48,星图,抓钩,0
48,星图,救生圈,0
48,星图,木桶,0
48,星图,步枪,0
48,星图,武士刀,0
48,星图,毒须鲶,0
48,星图,水母,0
48,星图,水草,0
48,星图,沙滩充气球,0
48,星图,流星索,0
48,星图,海底热泉,0
48,星图,海螺壳,0
48,星图,淬锋钢,0
48,星图,渔网,0
48,星图,温馨海湾,0
48,星图,湿件战服,0
48,星图,火炮,0
48,星图,火药角,0
48,星图,燃烧响炮,0
48,星图,独角鲸,0
48,星图,狼筅,0
48,星图,珊瑚,0
48,星图,珊瑚护甲,0
48,星图,珍珠,0
48,星图,皮皮虾,0
48,星图,绵鳚,0
48,星图,舱底蠕虫,0
48,星图,葡萄弹,0
48,星图,藏刃匕首,0
48,星图,迷你弯刀,0
48,星图,迷幻蝠鲼,0
48,星图,钓鱼竿,0
48,星图,铲子,0
48,星图,雪怪蟹,0
48,星图,靴里剑,0
48,星图,飞鱼,0
48,星图,食人鱼,0
48,星图,马龙鱼,0
48,星图,鱼饵,0
48,星图,鲨齿爪,0
48,星图,鹦鹉皮特,0
48,星图,龙涎香,0
48,渔网,三花,0
48,渔网,刺刀,0
48,渔网,双管霰弹枪,0
48,渔网,填弹杆,0
48,渔网,宠物石,0
48,渔网,左轮手枪,0
48,渔网,弯刀,0
48,渔网,弹簧刀,0
48,渔网,手斧,0
48,渔网,手里剑,0
48,渔网,手雷,0
48,渔网,打火机,0
48,渔网,抓钩,0
48,渔网,救生圈,0
48,渔网,星图,0
48,渔网,木桶,0
48,渔网,步枪,0
48,渔网,武士刀,0
48,渔网,毒须鲶,0
48,渔网,水母,0
48,渔网,水草,0
48,渔网,沙滩充气球,0
48,渔网,流星索,0
48,渔网,海底热泉,0
48,渔网,海螺壳,0
48,渔网,淬锋钢,0
48,渔网,温馨海湾,0
48,渔网,湿件战服,0
48,渔网,火炮,0
48,渔网,火药角,0
48,渔网,燃烧响炮,0
48,渔网,独角鲸,0
48,渔网,狼筅,0
48,渔网,珊瑚,0
48,渔网,珊瑚护甲,0
48,渔网,珍珠,0
48,渔网,皮皮虾,0
48,渔网,绵鳚,0
48,渔网,舱底蠕虫,0
48,渔网,葡萄弹,0
48,渔网,藏刃匕首,0
48,渔网,迷你弯刀,0
48,渔网,迷幻蝠鲼,0
48,渔网,钓鱼竿,0
48,渔网,铲子,0
48,渔网,雪怪蟹,0
48,渔网,靴里剑,0
48,渔网,飞鱼,0
48,渔网,食人鱼,0
48,渔网,马龙鱼,0
48,渔网,鱼饵,0
48,渔网,鲨齿爪,0
48,渔网,鹦鹉皮特,0
48,渔网,龙涎香,0
48,温馨海湾,三花,0
48,温馨海湾,刺刀,0
48,温馨海湾,双管霰弹枪,0
48,温馨海湾,填弹杆,0
48,温馨海湾,宠物石,0
48,温馨海湾,左轮手枪,0
48,温馨海湾,弯刀,0
48,温馨海湾,弹簧刀,0
48,温馨海湾,手斧,0
48,温馨海湾,手里剑,0
48,温馨海湾,手雷,0
48,温馨海湾,打火机,0
48,温馨海湾,抓钩,0
48,温馨海湾,救生圈,0
48,温馨海湾,星图,0
48,温馨海湾,木桶,0
48,温馨海湾,步枪,0
48,温馨海湾,武士刀,0
48,温馨海湾,毒须鲶,0
48,温馨海湾,水母,0
48,温馨海湾,水草,0
48,温馨海湾,沙滩充气球,0
48,温馨海湾,流星索,0
48,温馨海湾,海底热泉,0
48,温馨海湾,海螺壳,0
48,温馨海湾,淬锋钢,0
48,温馨海湾,渔网,0
48,温馨海湾,湿件战服,0
48,温馨海湾,火炮,0
48,温馨海湾,火药角,0
48,温馨海湾,燃烧响炮,0
48,温馨海湾,独角鲸,0
48,温馨海湾,狼筅,0
48,温馨海湾,珊瑚,0
48,温馨海湾,珊瑚护甲,0
48,温馨海湾,珍珠,0
48,温馨海湾,皮皮虾,0
48,温馨海湾,绵鳚,0
48,温馨海湾,舱底蠕虫,0
48,温馨海湾,葡萄弹,0
48,温馨海湾,藏刃匕首,0
48,温馨海湾,迷你弯刀,0
48,温馨海湾,迷幻蝠鲼,0
48,温馨海湾,钓鱼竿,0
48,温馨海湾,铲子,0
48,温馨海湾,雪怪蟹,0
48,温馨海湾,靴里剑,0
48,温馨海湾,飞鱼,0
48,温馨海湾,食人鱼,0
48,温馨海湾,马龙鱼,0
48,温馨海湾,鱼饵,0
48,温馨海湾,鲨齿爪,0
48,温馨海湾,鹦鹉皮特,0
48,温馨海湾,龙涎香,0
48,狼筅,三花,0
48,狼筅,刺刀,0
48,狼筅,双管霰弹枪,0
48,狼筅,填弹杆,0
48,狼筅,宠物石,0
48,狼筅,左轮手枪,0
48,狼筅,弯刀,0
48,狼筅,弹簧刀,0
48,狼筅,手斧,0
48,狼筅,手里剑,0
48,狼筅,手雷,0
48,狼筅,打火机,0
48,狼筅,抓钩,0
48,狼筅,救生圈,0
48,狼筅,星图,0
48,狼筅,木桶,0
48,狼筅,步枪,0
48,狼筅,武士刀,0
48,狼筅,毒须鲶,0
48,狼筅,水母,0
48,狼筅,水草,0
48,狼筅,沙滩充气球,0
48,狼筅,流星索,0
48,狼筅,海底热泉,0
48,狼筅,海螺壳,0
48,狼筅,淬锋钢,0
48,狼筅,渔网,0
48,狼筅,温馨海湾,0
48,狼筅,湿件战服,0
48,狼筅,火炮,0
48,狼筅,火药角,0
48,狼筅,燃烧响炮,0
48,狼筅,独角鲸,0
48,狼筅,珊瑚,0
48,狼筅,珊瑚护甲,0
48,狼筅,珍珠,0
48,狼筅,皮皮虾,0
48,狼筅,绵鳚,0
48,狼筅,舱底蠕虫,0
48,狼筅,葡萄弹,0
48,狼筅,藏刃匕首,0
48,狼筅,迷你弯刀,0
48,狼筅,迷幻蝠鲼,0
48,狼筅,钓鱼竿,0
48,狼筅,铲子,0
48,狼筅,雪怪蟹,0
48,狼筅,靴里剑,0
48,狼筅,飞鱼,0
48,狼筅,食人鱼,0
48,狼筅,马龙鱼,0
48,狼筅,鱼饵,0
48,狼筅,鲨齿爪,0
48,狼筅,鹦鹉皮特,0
48,狼筅,龙涎香,0
48,铲子,三花,0
48,铲子,刺刀,0
48,铲子,双管霰弹枪,0
48,铲子,填弹杆,0
48,铲子,宠物石,0
48,铲子,左轮手枪,0
48,铲子,弯刀,0
48,铲子,弹簧刀,0
48,铲子,手斧,0
48,铲子,手里剑,0
48,铲子,手雷,0
48,铲子,打火机,0
48,铲子,抓钩,0
48,铲子,救生圈,0
48,铲子,星图,0
48,铲子,木桶,0
48,铲子,步枪,0
48,铲子,武士刀,0
48,铲子,毒须鲶,0
48,铲子,水母,0
48,铲子,水草,0
48,铲子,沙滩充气球,0
48,铲子,流星索,0
48,铲子,海底热泉,0
48,铲子,海螺壳,0
48,铲子,淬锋钢,0
48,铲子,渔网,0
48,铲子,温馨海湾,0
48,铲子,湿件战服,0
48,铲子,火炮,0
48,铲子,火药角,0
48,铲子,燃烧响炮,0
48,铲子,独角鲸,0
48,铲子,狼筅,0
48,铲子,珊瑚,0
48,铲子,珊瑚护甲,0
48,铲子,珍珠,0
48,铲子,皮皮虾,0
48,铲子,绵鳚,0
48,铲子,舱底蠕虫,0
48,铲子,葡萄弹,0
48,铲子,藏刃匕首,0
48,铲子,迷你弯刀,0
48,铲子,迷幻蝠鲼,0
48,铲子,钓鱼竿,0
48,铲子,雪怪蟹,0
48,铲子,靴里剑,0
48,铲子,飞鱼,0
48,铲子,食人鱼,0
48,铲子,马龙鱼,0
48,铲子,鱼饵,0
48,铲子,鲨齿爪,0
48,铲子,鹦鹉皮特,0
48,铲子,龙涎香,0
